331	123+906	0	396	1	304388at33208|TRINITY_DN1766_c1_g1_i1|+|77|6.052e-17|1|123|1028|123[123]:1028[1028]:906[906]
411	484+753	0	5457	1	304388at33208|TRINITY_DN31990_c0_g1_i1|+|79|1.513e-17|1|484|1236|484[484]:1236[1236]:753[753]
437	1222-516	0	503	-1	304388at33208|TRINITY_DN257_c0_g1_i3|-|36|0.0001331|1|707|1222|1222[1222]:707[707]:516[516]
625	2647+729	0	3769	1	304388at33208|TRINITY_DN8480_c0_g1_i9|+|65|2.479e-13|1|2647|3375|2647[2647]:3375[3375]:729[729]
677	4685-876	0	2388	-1	304388at33208|TRINITY_DN508_c0_g1_i1|-|407|2.767e-116|1|3810|4685|4685[4685]:3810[3810]:876[876]
698	1561+417	0	7635	1	304388at33208|TRINITY_DN18006_c0_g1_i6|+|46|1.3e-07|1|1561|1977|1561[1561]:1977[1977]:417[417]
709	931-759	0	3467	-1	359532at33208|TRINITY_DN17208_c1_g1_i15|-|166|9.778e-44|1|173|931|931[931]:173[173]:759[759]
1533	1080+738	0	7969	1	304388at33208|TRINITY_DN10544_c0_g1_i1|+|49|1.625e-08|1|1080|1817|1080[1080]:1817[1817]:738[738]
1819	1116-822	0	3903	-1	304388at33208|TRINITY_DN2836_c0_g1_i2|-|80|7.565e-18|1|295|1116|1116[1116]:295[295]:822[822]
1820	2166-807	0	1759	-1	304388at33208|TRINITY_DN2801_c0_g1_i5|-|43|1.04e-06|1|1360|2166|2166[2166]:1360[1360]:807[807]
1867	67+816	0	3467	1	359532at33208|TRINITY_DN21117_c1_g1_i1|+|87|5.91e-20|1|67|882|67[67]:882[882]:816[816]
2065	825+759	0	11239	1	304388at33208|TRINITY_DN2551_c0_g1_i5|+|68|3.099e-14|1|825|1583|825[825]:1583[1583]:759[759]
2072	1527-1236	0	2017	-1	130256at33208|TRINITY_DN2575_c0_g1_i4|-|508|1.091e-146|1|292|1527|1527[1527]:292[292]:1236[1236]
2169	2660-804	0	1580	-1	304388at33208|TRINITY_DN6052_c0_g1_i5|-|34|0.0005323|1|1857|2660|2660[2660]:1857[1857]:804[804]
2331	123+390	0	6088	1	642552at33208|TRINITY_DN3242_c0_g1_i4|+|147|5.126e-38|1|123|512|123[123]:512[512]:390[390]
2350	2341-411	0	9146	-1	114954at33208|TRINITY_DN1611_c0_g1_i1|-|38|3.327e-05|1|1931|2341|2341[2341]:1931[1931]:411[411]
2643	349+864	0	8288	1	359532at33208|TRINITY_DN4672_c0_g1_i3|+|61|3.966e-12|1|349|1212|349[349]:1212[1212]:864[864]
3307	2792-615	0	6400	-1	304388at33208|TRINITY_DN13202_c0_g1_i4|-|46|1.3e-07|1|2178|2792|2792[2792]:2178[2178]:615[615]
3385	413+732	0	5172	1	304388at33208|TRINITY_DN6457_c0_g1_i5|+|46|1.3e-07|1|413|1144|413[413]:1144[1144]:732[732]
3687	1395+798	0	2326	1	304388at33208|TRINITY_DN18773_c0_g1_i2|+|64|4.958e-13|1|1395|2192|1395[1395]:2192[2192]:798[798]
4055	1140-798	0	9351	-1	304388at33208|TRINITY_DN11137_c0_g1_i1|-|42|2.079e-06|1|343|1140|1140[1140]:343[343]:798[798]
4115	869+825	0	3111	1	304388at33208|TRINITY_DN7526_c0_g1_i2|+|42|2.079e-06|1|869|1693|869[869]:1693[1693]:825[825]
4115	1901+246	0	3909	1	304388at33208|TRINITY_DN7526_c0_g1_i2|+|45|2.599e-07|1|1901|2146|1901[1901]:2146[2146]:246[246]
4118	2112-300	0	10824	-1	304388at33208|TRINITY_DN7560_c0_g1_i4|-|49|1.625e-08|1|1813|2112|2112[2112]:1813[1813]:300[300]
4659	590+528	0	1847	1	304388at33208|TRINITY_DN8758_c0_g1_i11|+|37|6.654e-05|1|590|1117|590[590]:1117[1117]:528[528]
4717	1172-537	0	2308	-1	304388at33208|TRINITY_DN3753_c0_g1_i8|-|40|8.318e-06|1|636|1172|1172[1172]:636[636]:537[537]
4981	1080+657	0	10435	1	359532at33208|TRINITY_DN22414_c0_g1_i1|+|36|0.0001331|1|1080|1736|1080[1080]:1736[1736]:657[657]
5032	3025+735	0	3467	1	359532at33208|TRINITY_DN18956_c0_g1_i11|+|41|4.159e-06|1|3025|3759|3025[3025]:3759[3759]:735[735]
5309	674+477	0	6488	1	359532at33208|TRINITY_DN903_c0_g1_i3|+|199|1.138e-53|1|674|1150|674[674]:1150[1150]:477[477]
5714	224+744	0	7775	1	304388at33208|TRINITY_DN119455_c0_g1_i1|+|64|4.958e-13|1|224|967|224[224]:967[967]:744[744]
5943	691-597	0	1763	-1	608669at33208|TRINITY_DN115616_c0_g1_i1|-|53|1.015e-09|1|95|691|691[691]:95[95]:597[597]
6080	999-732	0	3467	-1	359532at33208|TRINITY_DN166074_c1_g1_i1|-|38|3.327e-05|1|268|999|999[999]:268[268]:732[732]
7761	482+753	0	5457	1	304388at33208|TRINITY_DN31990_c0_g1_i2|+|79|1.513e-17|1|482|1234|482[482]:1234[1234]:753[753]
7787	1293-516	0	503	-1	304388at33208|TRINITY_DN257_c0_g1_i4|-|36|0.0001331|1|778|1293|1293[1293]:778[778]:516[516]
7819	937-498	0	2308	-1	304388at33208|TRINITY_DN19745_c0_g1_i1|-|46|1.3e-07|1|440|937|937[937]:440[440]:498[498]
7832	1553+2388	0	9788	1	344338at33208|TRINITY_DN13318_c1_g1_i5|+|216|8.684e-59|1|1553|3940|1553[1553]:3940[3940]:2388[2388]
8027	3830-876	0	2388	-1	304388at33208|TRINITY_DN508_c0_g1_i2|-|407|2.767e-116|1|2955|3830|3830[3830]:2955[2955]:876[876]
8059	1412-759	0	3467	-1	359532at33208|TRINITY_DN17208_c1_g1_i16|-|166|9.778e-44|1|654|1412|1412[1412]:654[654]:759[759]
8740	1684-735	0	3619	-1	304388at33208|TRINITY_DN13504_c0_g1_i1|-|69|1.549e-14|1|950|1684|1684[1684]:950[950]:735[735]
9141	3836+489	0	9706	1	359532at33208|TRINITY_DN3368_c0_g1_i9|+|34|0.0005323|1|3836|4324|3836[3836]:4324[4324]:489[489]
9170	2286-927	0	1759	-1	304388at33208|TRINITY_DN2801_c0_g1_i6|-|45|2.599e-07|1|1360|2286|2286[2286]:1360[1360]:927[927]
9197	512+246	0	9457	1	544849at33208|TRINITY_DN25579_c0_g1_i1|+|66|1.239e-13|1|512|757|512[512]:757[757]:246[246]
9272	94+753	0	10348	1	304388at33208|TRINITY_DN30185_c0_g1_i1|+|52|2.031e-09|1|94|846|94[94]:846[846]:753[753]
9422	1623-1332	0	2017	-1	130256at33208|TRINITY_DN2575_c0_g1_i7|-|524|1.665e-151|1|292|1623|1623[1623]:292[292]:1332[1332]
9700	2476-411	0	9146	-1	114954at33208|TRINITY_DN1611_c0_g1_i2|-|38|3.327e-05|1|2066|2476|2476[2476]:2066[2066]:411[411]
9993	303+879	0	1164	1	359532at33208|TRINITY_DN4672_c0_g1_i4|+|59|1.586e-11|1|303|1181|303[303]:1181[1181]:879[879]
10216	1332-840	0	11132	-1	304388at33208|TRINITY_DN791_c0_g1_i1|-|37|6.654e-05|1|493|1332|1332[1332]:493[493]:840[840]
10657	2792-615	0	6400	-1	304388at33208|TRINITY_DN13202_c0_g1_i7|-|47|6.498e-08|1|2178|2792|2792[2792]:2178[2178]:615[615]
11405	1365-798	0	9351	-1	304388at33208|TRINITY_DN11137_c0_g1_i2|-|44|5.199e-07|1|568|1365|1365[1365]:568[568]:798[798]
12009	669+528	0	1847	1	304388at33208|TRINITY_DN8758_c0_g1_i14|+|37|6.654e-05|1|669|1196|669[669]:1196[1196]:528[528]
12178	2250-711	0	502	-1	304388at33208|TRINITY_DN11566_c0_g1_i4|-|63|9.916e-13|1|1540|2250|2250[2250]:1540[1540]:711[711]
12331	1080+657	0	10435	1	359532at33208|TRINITY_DN22414_c0_g1_i2|+|36|0.0001331|1|1080|1736|1080[1080]:1736[1736]:657[657]
12350	1612+783	0	3467	1	359532at33208|TRINITY_DN9087_c0_g1_i1|+|65|2.479e-13|1|1612|2394|1612[1612]:2394[2394]:783[783]
12382	3025+735	0	3467	1	359532at33208|TRINITY_DN18956_c0_g1_i8|+|41|4.159e-06|1|3025|3759|3025[3025]:3759[3759]:735[735]
12659	2+399	0	6488	1	359532at33208|TRINITY_DN903_c0_g1_i4|+|180|5.968e-48|1|2|400|2[2]:400[400]:399[399]
13335	1+276	0	3717	1	614305at33208|TRINITY_DN167251_c0_g1_i1|+|102|1.804e-24|1|1|276|1[1]:276[276]:276[276]
15111	210+753	0	5457	1	304388at33208|TRINITY_DN31990_c0_g1_i7|+|79|1.513e-17|1|210|962|210[210]:962[962]:753[753]
15137	1293-516	0	503	-1	304388at33208|TRINITY_DN257_c0_g1_i5|-|36|0.0001331|1|778|1293|1293[1293]:778[778]:516[516]
15182	1545+1854	0	9788	1	344338at33208|TRINITY_DN13318_c1_g1_i7|+|178|2.387e-47|1|1545|3398|1545[1545]:3398[3398]:1854[1854]
15377	5100-876	0	2388	-1	304388at33208|TRINITY_DN508_c0_g1_i3|-|407|2.767e-116|1|4225|5100|5100[5100]:4225[4225]:876[876]
15409	1412-759	0	3467	-1	359532at33208|TRINITY_DN17208_c1_g1_i2|-|164|3.911e-43|1|654|1412|1412[1412]:654[654]:759[759]
15808	313+789	0	1064	1	304388at33208|TRINITY_DN2637_c1_g1_i1|+|63|9.916e-13|1|313|1101|313[313]:1101[1101]:789[789]
16303	262+525	0	2903	1	304388at33208|TRINITY_DN15708_c0_g1_i1|+|57|6.346e-11|1|262|786|262[262]:786[786]:525[525]
17050	2341-411	0	9146	-1	114954at33208|TRINITY_DN1611_c0_g1_i3|-|38|3.327e-05|1|1931|2341|2341[2341]:1931[1931]:411[411]
17566	1332-840	0	11132	-1	304388at33208|TRINITY_DN791_c0_g1_i2|-|39|1.664e-05|1|493|1332|1332[1332]:493[493]:840[840]
19221	908-663	0	7556	-1	544546at33208|TRINITY_DN8178_c0_g1_i1|-|269|9.641e-75|1|246|908|908[908]:246[246]:663[663]
19359	627+528	0	1847	1	304388at33208|TRINITY_DN8758_c0_g1_i3|+|37|6.654e-05|1|627|1154|627[627]:1154[1154]:528[528]
19520	1455-897	0	9866	-1	359532at33208|TRINITY_DN11592_c1_g1_i9|-|56|1.269e-10|1|559|1455|1455[1455]:559[559]:897[897]
19700	1612+783	0	3467	1	359532at33208|TRINITY_DN9087_c0_g1_i2|+|65|2.479e-13|1|1612|2394|1612[1612]:2394[2394]:783[783]
19920	4047-711	0	7506	-1	304388at33208|TRINITY_DN16394_c0_g1_i4|-|41|4.159e-06|1|3337|4047|4047[4047]:3337[3337]:711[711]
20009	2+399	0	6488	1	359532at33208|TRINITY_DN903_c0_g1_i6|+|180|5.968e-48|1|2|400|2[2]:400[400]:399[399]
22461	210+753	0	5457	1	304388at33208|TRINITY_DN31990_c0_g1_i8|+|79|1.513e-17|1|210|962|210[210]:962[962]:753[753]
22727	2893-876	0	2388	-1	304388at33208|TRINITY_DN508_c0_g1_i6|-|407|2.767e-116|1|2018|2893|2893[2893]:2018[2018]:876[876]
23158	942+789	0	1064	1	304388at33208|TRINITY_DN2637_c1_g1_i2|+|63|9.916e-13|1|942|1730|942[942]:1730[1730]:789[789]
23653	445+525	0	2903	1	304388at33208|TRINITY_DN15708_c0_g1_i2|+|57|6.346e-11|1|445|969|445[445]:969[969]:525[525]
23842	946-801	0	2294	-1	304388at33208|TRINITY_DN3301_c0_g1_i1|-|50|8.123e-09|1|146|946|946[946]:146[146]:801[801]
23972	94+753	0	10348	1	304388at33208|TRINITY_DN30185_c0_g1_i3|+|52|2.031e-09|1|94|846|94[94]:846[846]:753[753]
24149	1294-777	0	180	-1	304388at33208|TRINITY_DN9802_c0_g1_i5|-|34|0.0005323|1|518|1294|1294[1294]:518[518]:777[777]
24307	6026-2496	0	9788	-1	344338at33208|TRINITY_DN3123_c0_g1_i5|-|240|5.176e-66|1|3531|6026|6026[6026]:3531[3531]:2496[2496]
24400	2341-411	0	9146	-1	114954at33208|TRINITY_DN1611_c0_g1_i4|-|38|3.327e-05|1|1931|2341|2341[2341]:1931[1931]:411[411]
24847	576-456	0	2043	-1	490961at33208|TRINITY_DN1179_c0_g1_i1|-|34|0.0005323|1|121|576|576[576]:121[121]:456[456]
24916	1332-840	0	11132	-1	304388at33208|TRINITY_DN791_c0_g1_i3|-|37|6.654e-05|1|493|1332|1332[1332]:493[493]:840[840]
25259	491+654	0	291	1	304388at33208|TRINITY_DN4074_c0_g1_i1|+|72|1.937e-15|1|491|1144|491[491]:1144[1144]:654[654]
25473	252+783	0	6900	1	557694at33208|TRINITY_DN5831_c0_g1_i3|+|70|7.747e-15|1|252|1034|252[252]:1034[1034]:783[783]
26495	94+867	0	7159	1	304388at33208|TRINITY_DN3008_c0_g1_i1|+|57|6.346e-11|1|94|960|94[94]:960[960]:867[867]
26709	627+528	0	1847	1	304388at33208|TRINITY_DN8758_c0_g1_i5|+|37|6.654e-05|1|627|1154|627[627]:1154[1154]:528[528]
27050	495+783	0	3467	1	359532at33208|TRINITY_DN9087_c0_g1_i3|+|65|2.479e-13|1|495|1277|495[495]:1277[1277]:783[783]
27322	1549-717	0	3546	-1	304388at33208|TRINITY_DN2782_c0_g1_i1|-|45|2.599e-07|1|833|1549|1549[1549]:833[833]:717[717]
27359	2+399	0	6488	1	359532at33208|TRINITY_DN903_c0_g1_i7|+|180|5.968e-48|1|2|400|2[2]:400[400]:399[399]
29752	90+828	0	5013	1	304388at33208|TRINITY_DN20841_c0_g1_i1|+|57|6.346e-11|1|90|917|90[90]:917[917]:828[828]
29882	1545+2208	0	9788	1	344338at33208|TRINITY_DN13318_c1_g1_i9|+|210|5.558e-57|1|1545|3752|1545[1545]:3752[3752]:2208[2208]
30067	2+891	0	4253	1	304388at33208|TRINITY_DN561_c0_g1_i1|+|334|2.613e-94|1|2|892|2[2]:892[892]:891[891]
30508	942+789	0	1064	1	304388at33208|TRINITY_DN2637_c1_g1_i4|+|63|9.916e-13|1|942|1730|942[942]:1730[1730]:789[789]
31003	262+525	0	2903	1	304388at33208|TRINITY_DN15708_c0_g1_i3|+|57|6.346e-11|1|262|786|262[262]:786[786]:525[525]
31192	778-732	0	6333	-1	304388at33208|TRINITY_DN3301_c0_g1_i2|-|51|4.061e-09|1|47|778|778[778]:47[47]:732[732]
31198	1413-822	0	2596	-1	304388at33208|TRINITY_DN9341_c0_g1_i1|-|57|6.346e-11|1|592|1413|1413[1413]:592[592]:822[822]
31322	94+753	0	10348	1	304388at33208|TRINITY_DN30185_c0_g1_i4|+|52|2.031e-09|1|94|846|94[94]:846[846]:753[753]
32197	576-456	0	2043	-1	490961at33208|TRINITY_DN1179_c0_g1_i4|-|34|0.0005323|1|121|576|576[576]:121[121]:456[456]
32823	252+783	0	6900	1	557694at33208|TRINITY_DN5831_c0_g1_i4|+|70|7.747e-15|1|252|1034|252[252]:1034[1034]:783[783]
33201	1766-561	0	6400	-1	304388at33208|TRINITY_DN1201_c0_g1_i1|-|49|1.625e-08|1|1206|1766|1766[1766]:1206[1206]:561[561]
33845	106+867	0	7159	1	304388at33208|TRINITY_DN3008_c0_g1_i2|+|57|6.346e-11|1|106|972|106[106]:972[972]:867[867]
34059	252+387	0	6851	1	304388at33208|TRINITY_DN8758_c0_g1_i9|+|35|0.0002662|1|252|638|252[252]:638[638]:387[387]
34149	1181-708	0	3027	-1	304388at33208|TRINITY_DN60363_c0_g1_i1|-|74|4.842e-16|1|474|1181|1181[1181]:474[474]:708[708]
34573	649+870	0	6267	1	304388at33208|TRINITY_DN126_c0_g1_i10|+|76|1.21e-16|1|649|1518|649[649]:1518[1518]:870[870]
34604	3406-741	0	10880	-1	359532at33208|TRINITY_DN29661_c0_g1_i8|-|58|3.173e-11|1|2666|3406|3406[3406]:2666[2666]:741[741]
34672	1549-717	0	3546	-1	304388at33208|TRINITY_DN2782_c0_g1_i2|-|45|2.599e-07|1|833|1549|1549[1549]:833[833]:717[717]
37377	174+675	0	10411	1	304388at33208|TRINITY_DN8455_c0_g1_i2|+|49|1.625e-08|1|174|848|174[174]:848[848]:675[675]
37417	2+891	0	4253	1	304388at33208|TRINITY_DN561_c0_g1_i2|+|334|2.613e-94|1|2|892|2[2]:892[892]:891[891]
37459	1558-759	0	3467	-1	359532at33208|TRINITY_DN17208_c1_g1_i7|-|164|3.911e-43|1|800|1558|1558[1558]:800[800]:759[759]
37858	942+789	0	1064	1	304388at33208|TRINITY_DN2637_c1_g1_i5|+|63|9.916e-13|1|942|1730|942[942]:1730[1730]:789[789]
38248	6388+852	0	7884	1	304388at33208|TRINITY_DN15033_c0_g1_i3|+|52|2.031e-09|1|6388|7239|6388[6388]:7239[7239]:852[852]
38248	5158+726	0	11572	1	304388at33208|TRINITY_DN15033_c0_g1_i3|+|42|2.079e-06|1|5158|5883|5158[5158]:5883[5883]:726[726]
38548	1412-822	0	2596	-1	304388at33208|TRINITY_DN9341_c0_g1_i2|-|57|6.346e-11|1|591|1412|1412[1412]:591[591]:822[822]
39115	1672-810	0	478	-1	304388at33208|TRINITY_DN8000_c0_g1_i2|-|75|2.421e-16|1|863|1672|1672[1672]:863[863]:810[810]
39547	576-456	0	2043	-1	490961at33208|TRINITY_DN1179_c0_g1_i7|-|34|0.0005323|1|121|576|576[576]:121[121]:456[456]
39547	1935-726	0	4503	-1	490961at33208|TRINITY_DN1179_c0_g1_i7|-|38|3.327e-05|1|1210|1935|1935[1935]:1210[1210]:726[726]
39768	1130-807	0	396	-1	304388at33208|TRINITY_DN62_c0_g1_i1|-|66|1.239e-13|1|324|1130|1130[1130]:324[324]:807[807]
39773	1922-744	0	1154	-1	304388at33208|TRINITY_DN46_c0_g1_i4|-|39|1.664e-05|1|1179|1922|1922[1922]:1179[1179]:744[744]
40173	252+783	0	6900	1	557694at33208|TRINITY_DN5831_c0_g1_i7|+|70|7.747e-15|1|252|1034|252[252]:1034[1034]:783[783]
40443	2681-1035	0	6518	-1	514727at33208|TRINITY_DN23160_c0_g1_i14|-|34|0.0005323|1|1647|2681|2681[2681]:1647[1647]:1035[1035]
40551	1978-690	0	7955	-1	304388at33208|TRINITY_DN1201_c0_g1_i2|-|71|3.873e-15|1|1289|1978|1978[1978]:1289[1289]:690[690]
41470	1305-369	0	7841	-1	304388at33208|TRINITY_DN3774_c0_g1_i10|-|36|0.0001331|1|937|1305|1305[1305]:937[937]:369[369]
41491	1259-768	0	2308	-1	304388at33208|TRINITY_DN10211_c0_g1_i1|-|47|6.498e-08|1|492|1259|1259[1259]:492[492]:768[768]
41550	2618-2226	0	9788	-1	344338at33208|TRINITY_DN14888_c0_g1_i5|-|242|1.294e-66|1|393|2618|2618[2618]:393[393]:2226[2226]
41923	565+870	0	6267	1	304388at33208|TRINITY_DN126_c0_g1_i2|+|76|1.21e-16|1|565|1434|565[565]:1434[1434]:870[870]
41970	4046-711	0	7506	-1	304388at33208|TRINITY_DN16394_c0_g1_i7|-|41|4.159e-06|1|3336|4046|4046[4046]:3336[3336]:711[711]
42022	1549-717	0	3546	-1	304388at33208|TRINITY_DN2782_c0_g1_i3|-|45|2.599e-07|1|833|1549|1549[1549]:833[833]:717[717]
43006	68+279	0	1384	1	515425at33208|TRINITY_DN179451_c0_g1_i1|+|67|6.197e-14|1|68|346|68[68]:346[346]:279[279]
44727	174+675	0	10411	1	304388at33208|TRINITY_DN8455_c0_g1_i3|+|51|4.061e-09|1|174|848|174[174]:848[848]:675[675]
44767	44+717	0	8737	1	304388at33208|TRINITY_DN561_c0_g2_i1|+|214|3.474e-58|1|44|760|44[44]:760[760]:717[717]
45305	342+780	0	3467	1	359532at33208|TRINITY_DN1486_c0_g1_i1|+|79|1.513e-17|1|342|1121|342[342]:1121[1121]:780[780]
45347	470+729	0	7884	1	304388at33208|TRINITY_DN11810_c0_g1_i2|+|52|2.031e-09|1|470|1198|470[470]:1198[1198]:729[729]
45598	6388+852	0	7884	1	304388at33208|TRINITY_DN15033_c0_g1_i4|+|52|2.031e-09|1|6388|7239|6388[6388]:7239[7239]:852[852]
45598	5158+726	0	11572	1	304388at33208|TRINITY_DN15033_c0_g1_i4|+|42|2.079e-06|1|5158|5883|5158[5158]:5883[5883]:726[726]
45784	3+216	0	7994	1	304388at33208|TRINITY_DN14009_c0_g1_i2|+|38|3.327e-05|1|3|218|3[3]:218[218]:216[216]
45784	1551+309	0	9471	1	304388at33208|TRINITY_DN14009_c0_g1_i2|+|45|2.599e-07|1|1551|1859|1551[1551]:1859[1859]:309[309]
46022	94+753	0	10348	1	304388at33208|TRINITY_DN30185_c0_g1_i7|+|52|2.031e-09|1|94|846|94[94]:846[846]:753[753]
46415	167+768	0	3467	1	359532at33208|TRINITY_DN35038_c0_g1_i1|+|101|3.607e-24|1|167|934|167[167]:934[934]:768[768]
46435	2274-588	0	2308	-1	304388at33208|TRINITY_DN3240_c0_g1_i13|-|37|6.654e-05|1|1687|2274|2274[2274]:1687[1687]:588[588]
46465	1665-810	0	478	-1	304388at33208|TRINITY_DN8000_c0_g1_i4|-|75|2.421e-16|1|856|1665|1665[1665]:856[856]:810[810]
46684	62+669	0	6876	1	304388at33208|TRINITY_DN94245_c0_g1_i1|+|36|0.0001331|1|62|730|62[62]:730[730]:669[669]
46716	80+345	0	2818	1	490961at33208|TRINITY_DN6730_c0_g2_i1|+|63|9.916e-13|1|80|424|80[80]:424[424]:345[345]
46897	576-456	0	2043	-1	490961at33208|TRINITY_DN1179_c0_g1_i8|-|34|0.0005323|1|121|576|576[576]:121[121]:456[456]
47523	372+291	0	9098	1	557694at33208|TRINITY_DN5831_c0_g1_i8|+|37|6.654e-05|1|372|662|372[372]:662[662]:291[291]
48276	689-585	0	4874	-1	544546at33208|TRINITY_DN4438_c1_g1_i3|-|37|6.654e-05|1|105|689|689[689]:105[105]:585[585]
48820	1298-369	0	7841	-1	304388at33208|TRINITY_DN3774_c0_g1_i13|-|36|0.0001331|1|930|1298|1298[1298]:930[930]:369[369]
48841	1009-708	0	3619	-1	304388at33208|TRINITY_DN10211_c0_g1_i2|-|56|1.269e-10|1|302|1009|1009[1009]:302[302]:708[708]
49265	1112+402	0	6715	1	556039at33208|TRINITY_DN122_c0_g1_i1|+|34|0.0005323|1|1112|1513|1112[1112]:1513[1513]:402[402]
49273	565+870	0	6267	1	304388at33208|TRINITY_DN126_c0_g1_i3|+|76|1.21e-16|1|565|1434|565[565]:1434[1434]:870[870]
49404	55+552	0	2439	1	515425at33208|TRINITY_DN932_c0_g1_i1|+|48|3.249e-08|1|55|606|55[55]:606[606]:552[552]
51473	4169+264	0	3909	1	304388at33208|TRINITY_DN10761_c0_g1_i1|+|46|1.3e-07|1|4169|4432|4169[4169]:4432[4432]:264[264]
51802	90+828	0	5013	1	304388at33208|TRINITY_DN20841_c0_g1_i8|+|57|6.346e-11|1|90|917|90[90]:917[917]:828[828]
52077	174+675	0	10411	1	304388at33208|TRINITY_DN8455_c0_g1_i5|+|49|1.625e-08|1|174|848|174[174]:848[848]:675[675]
52166	1257-315	0	2818	-1	490961at33208|TRINITY_DN7613_c0_g1_i1|-|68|3.099e-14|1|943|1257|1257[1257]:943[943]:315[315]
52655	342+780	0	3467	1	359532at33208|TRINITY_DN1486_c0_g1_i2|+|79|1.513e-17|1|342|1121|342[342]:1121[1121]:780[780]
52697	470+729	0	7884	1	304388at33208|TRINITY_DN11810_c0_g1_i4|+|52|2.031e-09|1|470|1198|470[470]:1198[1198]:729[729]
53134	261+237	0	7994	1	304388at33208|TRINITY_DN14009_c0_g1_i3|+|40|8.318e-06|1|261|497|261[261]:497[497]:237[237]
53134	1830+309	0	9471	1	304388at33208|TRINITY_DN14009_c0_g1_i3|+|45|2.599e-07|1|1830|2138|1830[1830]:2138[2138]:309[309]
53644	1363-354	0	4568	-1	359532at33208|TRINITY_DN9259_c0_g1_i1|-|35|0.0002662|1|1010|1363|1363[1363]:1010[1010]:354[354]
53785	2088-717	0	6333	-1	304388at33208|TRINITY_DN3240_c0_g1_i3|-|40|8.318e-06|1|1372|2088|2088[2088]:1372[1372]:717[717]
53815	1485-810	0	478	-1	304388at33208|TRINITY_DN8000_c0_g1_i6|-|75|2.421e-16|1|676|1485|1485[1485]:676[676]:810[810]
53860	978+489	0	4281	1	304388at33208|TRINITY_DN7359_c0_g1_i1|+|50|8.123e-09|1|978|1466|978[978]:1466[1466]:489[489]
53860	357+489	0	9382	1	304388at33208|TRINITY_DN7359_c0_g1_i1|+|66|1.239e-13|1|357|845|357[357]:845[845]:489[489]
53987	255+897	0	10133	1	640187at33208|TRINITY_DN9503_c0_g1_i1|+|63|9.916e-13|1|255|1151|255[255]:1151[1151]:897[897]
54288	1162-603	0	772	-1	304388at33208|TRINITY_DN12936_c0_g1_i1|-|37|6.654e-05|1|560|1162|1162[1162]:560[560]:603[603]
54473	1922-744	0	1154	-1	304388at33208|TRINITY_DN46_c0_g1_i6|-|39|1.664e-05|1|1179|1922|1922[1922]:1179[1179]:744[744]
54896	333+771	0	5072	1	304388at33208|TRINITY_DN16739_c1_g3_i1|+|49|1.625e-08|1|333|1103|333[333]:1103[1103]:771[771]
55104	1699-1290	0	6267	-1	304388at33208|TRINITY_DN2143_c0_g1_i1|-|38|3.327e-05|1|410|1699|1699[1699]:410[410]:1290[1290]
55251	1979-690	0	7955	-1	304388at33208|TRINITY_DN1201_c0_g1_i4|-|71|3.873e-15|1|1290|1979|1979[1979]:1290[1290]:690[690]
55428	5050+786	0	3467	1	359532at33208|TRINITY_DN28144_c0_g1_i1|+|48|3.249e-08|1|5050|5835|5050[5050]:5835[5835]:786[786]
55762	398+660	0	11021	1	304388at33208|TRINITY_DN8224_c0_g1_i2|+|42|2.079e-06|1|398|1057|398[398]:1057[1057]:660[660]
56170	1317-369	0	7841	-1	304388at33208|TRINITY_DN3774_c0_g1_i14|-|36|0.0001331|1|949|1317|1317[1317]:949[949]:369[369]
56191	1259-768	0	2308	-1	304388at33208|TRINITY_DN10211_c0_g1_i4|-|47|6.498e-08|1|492|1259|1259[1259]:492[492]:768[768]
56362	1304-510	0	2901	-1	608669at33208|TRINITY_DN22660_c0_g1_i1|-|37|6.654e-05|1|795|1304|1304[1304]:795[795]:510[510]
56615	1112+402	0	6715	1	556039at33208|TRINITY_DN122_c0_g1_i2|+|34|0.0005323|1|1112|1513|1112[1112]:1513[1513]:402[402]
56754	48+594	0	4953	1	515425at33208|TRINITY_DN932_c0_g1_i2|+|49|1.625e-08|1|48|641|48[48]:641[641]:594[594]
57038	18+399	0	8677	1	582823at33208|TRINITY_DN201675_c0_g1_i1|+|147|5.126e-38|1|18|416|18[18]:416[416]:399[399]
58912	1433-765	0	3467	-1	359532at33208|TRINITY_DN3603_c0_g1_i3|-|51|4.061e-09|1|669|1433|1433[1433]:669[669]:765[765]
59146	2118-747	0	3467	-1	359532at33208|TRINITY_DN20927_c0_g1_i3|-|73|9.683e-16|1|1372|2118|2118[2118]:1372[1372]:747[747]
59427	174+675	0	10411	1	304388at33208|TRINITY_DN8455_c0_g1_i7|+|49|1.625e-08|1|174|848|174[174]:848[848]:675[675]
59516	1156-315	0	2818	-1	490961at33208|TRINITY_DN7613_c0_g1_i2|-|67|6.197e-14|1|842|1156|1156[1156]:842[842]:315[315]
59644	1367-798	0	1487	-1	304388at33208|TRINITY_DN5015_c0_g1_i1|-|66|1.239e-13|1|570|1367|1367[1367]:570[570]:798[798]
59790	302+726	0	5013	1	304388at33208|TRINITY_DN11362_c0_g1_i1|+|35|0.0002662|1|302|1027|302[302]:1027[1027]:726[726]
59790	8297+711	0	10338	1	304388at33208|TRINITY_DN11362_c0_g1_i1|+|39|1.664e-05|1|8297|9007|8297[8297]:9007[9007]:711[711]
60005	342+780	0	3467	1	359532at33208|TRINITY_DN1486_c0_g1_i3|+|79|1.513e-17|1|342|1121|342[342]:1121[1121]:780[780]
60242	806-570	0	5884	-1	597023at33208|TRINITY_DN2327_c0_g1_i1|-|129|1.344e-32|1|237|806|806[806]:237[237]:570[570]
60992	460+795	0	4433	1	359532at33208|TRINITY_DN12811_c0_g1_i1|+|74|4.842e-16|1|460|1254|460[460]:1254[1254]:795[795]
61115	167+768	0	3467	1	359532at33208|TRINITY_DN35038_c0_g1_i4|+|101|3.607e-24|1|167|934|167[167]:934[934]:768[768]
61165	1710-810	0	478	-1	304388at33208|TRINITY_DN8000_c0_g1_i7|-|75|2.421e-16|1|901|1710|1710[1710]:901[901]:810[810]
61210	978+489	0	4281	1	304388at33208|TRINITY_DN7359_c0_g1_i3|+|50|8.123e-09|1|978|1466|978[978]:1466[1466]:489[489]
61210	357+489	0	9382	1	304388at33208|TRINITY_DN7359_c0_g1_i3|+|66|1.239e-13|1|357|845|357[357]:845[845]:489[489]
61337	279+897	0	10133	1	640187at33208|TRINITY_DN9503_c0_g1_i3|+|63|9.916e-13|1|279|1175|279[279]:1175[1175]:897[897]
61638	1077-603	0	772	-1	304388at33208|TRINITY_DN12936_c0_g1_i2|-|37|6.654e-05|1|475|1077|1077[1077]:475[475]:603[603]
61916	792+453	0	9959	1	614305at33208|TRINITY_DN3426_c0_g1_i1|+|40|8.318e-06|1|792|1244|792[792]:1244[1244]:453[453]
62080	919-876	0	3467	-1	359532at33208|TRINITY_DN13588_c0_g1_i1|-|89|1.478e-20|1|44|919|919[919]:44[44]:876[876]
62454	1138-753	0	7644	-1	304388at33208|TRINITY_DN2143_c0_g1_i10|-|36|0.0001331|1|386|1138|1138[1138]:386[386]:753[753]
63112	2879+660	0	11021	1	304388at33208|TRINITY_DN8224_c0_g1_i4|+|42|2.079e-06|1|2879|3538|2879[2879]:3538[3538]:660[660]
63541	1259-768	0	2308	-1	304388at33208|TRINITY_DN10211_c0_g1_i8|-|47|6.498e-08|1|492|1259|1259[1259]:492[492]:768[768]
63591	268+747	0	3467	1	359532at33208|TRINITY_DN14909_c0_g1_i10|+|61|3.966e-12|1|268|1014|268[268]:1014[1014]:747[747]
63833	407-279	0	5958	-1	642552at33208|TRINITY_DN18932_c0_g1_i1|-|53|1.015e-09|1|129|407|407[407]:129[129]:279[279]
63859	4952-597	0	1847	-1	304388at33208|TRINITY_DN2233_c0_g1_i1|-|39|1.664e-05|1|4356|4952|4952[4952]:4356[4356]:597[597]
63973	565+870	0	6267	1	304388at33208|TRINITY_DN126_c0_g1_i6|+|76|1.21e-16|1|565|1434|565[565]:1434[1434]:870[870]
64200	2454-573	0	4869	-1	304388at33208|TRINITY_DN6220_c0_g1_i10|-|47|6.498e-08|1|1882|2454|2454[2454]:1882[1882]:573[573]
66173	4055+915	0	7884	1	304388at33208|TRINITY_DN10761_c0_g1_i12|+|37|6.654e-05|1|4055|4969|4055[4055]:4969[4969]:915[915]
66262	1601-765	0	3467	-1	359532at33208|TRINITY_DN3603_c0_g1_i4|-|51|4.061e-09|1|837|1601|1601[1601]:837[837]:765[765]
66496	2128-747	0	3467	-1	359532at33208|TRINITY_DN20927_c0_g1_i4|-|73|9.683e-16|1|1382|2128|2128[2128]:1382[1382]:747[747]
66962	265+768	0	3467	1	359532at33208|TRINITY_DN1056_c0_g1_i1|+|241|2.588e-66|1|265|1032|265[265]:1032[1032]:768[768]
66994	1375-798	0	1487	-1	304388at33208|TRINITY_DN5015_c0_g1_i2|-|66|1.239e-13|1|578|1375|1375[1375]:578[578]:798[798]
67061	1303+597	0	3546	1	304388at33208|TRINITY_DN5701_c0_g1_i1|+|43|1.04e-06|1|1303|1899|1303[1303]:1899[1899]:597[597]
67140	1959+711	0	10338	1	304388at33208|TRINITY_DN11362_c0_g1_i2|+|39|1.664e-05|1|1959|2669|1959[1959]:2669[2669]:711[711]
67355	1+774	0	3467	1	359532at33208|TRINITY_DN1486_c0_g1_i5|+|73|9.683e-16|1|1|774|1[1]:774[774]:774[774]
67397	470+729	0	7884	1	304388at33208|TRINITY_DN11810_c0_g1_i7|+|52|2.031e-09|1|470|1198|470[470]:1198[1198]:729[729]
67592	712-570	0	5884	-1	597023at33208|TRINITY_DN2327_c0_g1_i2|-|129|1.344e-32|1|143|712|712[712]:143[143]:570[570]
67834	261+237	0	7994	1	304388at33208|TRINITY_DN14009_c0_g1_i5|+|40|8.318e-06|1|261|497|261[261]:497[497]:237[237]
67834	1830+309	0	9471	1	304388at33208|TRINITY_DN14009_c0_g1_i5|+|45|2.599e-07|1|1830|2138|1830[1830]:2138[2138]:309[309]
67971	1380-726	0	3199	-1	640187at33208|TRINITY_DN2878_c0_g1_i11|-|59|1.586e-11|1|655|1380|1380[1380]:655[655]:726[726]
68248	2035-705	0	6333	-1	304388at33208|TRINITY_DN9824_c4_g1_i1|-|42|2.079e-06|1|1331|2035|2035[2035]:1331[1331]:705[705]
68248	1990-324	0	10989	-1	304388at33208|TRINITY_DN9824_c4_g1_i1|-|34|0.0005323|1|1667|1990|1990[1990]:1667[1667]:324[324]
68342	460+795	0	4433	1	359532at33208|TRINITY_DN12811_c0_g1_i2|+|74|4.842e-16|1|460|1254|460[460]:1254[1254]:795[795]
68348	2814-1731	0	10107	-1	460044at33208|TRINITY_DN9260_c0_g1_i13|-|105|2.255e-25|1|1084|2814|2814[2814]:1084[1084]:1731[1731]
68406	1844-819	0	4769	-1	304388at33208|TRINITY_DN3172_c0_g1_i2|-|41|4.159e-06|1|1026|1844|1844[1844]:1026[1026]:819[819]
68483	1499-996	0	4987	-1	526839at33208|TRINITY_DN3228_c0_g1_i1|-|301|2.245e-84|1|504|1499|1499[1499]:504[504]:996[996]
68485	2250-588	0	2308	-1	304388at33208|TRINITY_DN3240_c0_g1_i8|-|38|3.327e-05|1|1663|2250|2250[2250]:1663[1663]:588[588]
68640	745+852	0	255	1	304388at33208|TRINITY_DN3983_c0_g1_i13|+|47|6.498e-08|1|745|1596|745[745]:1596[1596]:852[852]
68994	1327+861	0	3623	1	304388at33208|TRINITY_DN6198_c0_g1_i1|+|65|2.479e-13|1|1327|2187|1327[1327]:2187[2187]:861[861]
69203	410-222	0	1503	-1	556039at33208|TRINITY_DN26628_c0_g1_i1|-|36|0.0001331|1|189|410|410[410]:189[189]:222[222]
69266	792+453	0	9959	1	614305at33208|TRINITY_DN3426_c0_g1_i2|+|40|8.318e-06|1|792|1244|792[792]:1244[1244]:453[453]
69804	1219-834	0	7644	-1	304388at33208|TRINITY_DN2143_c0_g1_i11|-|37|6.654e-05|1|386|1219|1219[1219]:386[386]:834[834]
70462	634+660	0	11021	1	304388at33208|TRINITY_DN8224_c0_g1_i5|+|42|2.079e-06|1|634|1293|634[634]:1293[1293]:660[660]
70891	1259-768	0	2308	-1	304388at33208|TRINITY_DN10211_c0_g1_i9|-|47|6.498e-08|1|492|1259|1259[1259]:492[492]:768[768]
70941	268+747	0	3467	1	359532at33208|TRINITY_DN14909_c0_g1_i13|+|61|3.966e-12|1|268|1014|268[268]:1014[1014]:747[747]
71209	4952-597	0	1847	-1	304388at33208|TRINITY_DN2233_c0_g1_i10|-|39|1.664e-05|1|4356|4952|4952[4952]:4356[4356]:597[597]
71323	565+870	0	6267	1	304388at33208|TRINITY_DN126_c0_g1_i9|+|76|1.21e-16|1|565|1434|565[565]:1434[1434]:870[870]
71550	1398-765	0	7775	-1	304388at33208|TRINITY_DN6220_c0_g1_i11|-|48|3.249e-08|1|634|1398|1398[1398]:634[634]:765[765]
72346	493-453	0	1185	-1	515425at33208|TRINITY_DN124130_c0_g1_i1|-|83|9.456e-19|1|41|493|493[493]:41[41]:453[453]
73523	4097+264	0	3909	1	304388at33208|TRINITY_DN10761_c0_g1_i2|+|46|1.3e-07|1|4097|4360|4097[4097]:4360[4360]:264[264]
73810	1483-825	0	5614	-1	304388at33208|TRINITY_DN6602_c0_g1_i1|-|71|3.873e-15|1|659|1483|1483[1483]:659[659]:825[825]
73846	2127-747	0	3467	-1	359532at33208|TRINITY_DN20927_c0_g1_i6|-|73|9.683e-16|1|1381|2127|2127[2127]:1381[1381]:747[747]
73926	344+873	0	2294	1	304388at33208|TRINITY_DN249_c0_g1_i2|+|38|3.327e-05|1|344|1216|344[344]:1216[1216]:873[873]
74216	1333-315	0	2818	-1	490961at33208|TRINITY_DN7613_c0_g1_i5|-|66|1.239e-13|1|1019|1333|1333[1333]:1019[1019]:315[315]
74312	1+735	0	3467	1	359532at33208|TRINITY_DN1056_c0_g1_i10|+|244|3.235e-67|1|1|735|1[1]:735[735]:735[735]
74411	1303+597	0	3546	1	304388at33208|TRINITY_DN5701_c0_g1_i2|+|43|1.04e-06|1|1303|1899|1303[1303]:1899[1899]:597[597]
74490	1619+711	0	10338	1	304388at33208|TRINITY_DN11362_c0_g1_i3|+|39|1.664e-05|1|1619|2329|1619[1619]:2329[2329]:711[711]
74582	468+558	0	2388	1	304388at33208|TRINITY_DN8348_c1_g1_i1|+|43|1.04e-06|1|468|1025|468[468]:1025[1025]:558[558]
74669	6658-933	0	5509	-1	304388at33208|TRINITY_DN18475_c0_g1_i1|-|55|2.538e-10|1|5726|6658|6658[6658]:5726[5726]:933[933]
74669	4639-960	0	6892	-1	304388at33208|TRINITY_DN18475_c0_g1_i1|-|53|1.015e-09|1|3680|4639|4639[4639]:3680[3680]:960[960]
74942	563-564	0	5884	-1	597023at33208|TRINITY_DN2327_c0_g1_i6|-|125|2.15e-31|1|0|563|563[563]:0[0]:564[564]
75258	1369+663	0	3546	1	304388at33208|TRINITY_DN18590_c0_g1_i10|+|61|3.966e-12|1|1369|2031|1369[1369]:2031[2031]:663[663]
75756	1844-819	0	4769	-1	304388at33208|TRINITY_DN3172_c0_g1_i4|-|41|4.159e-06|1|1026|1844|1844[1844]:1026[1026]:819[819]
75833	1499-996	0	4987	-1	526839at33208|TRINITY_DN3228_c0_g1_i2|-|302|1.122e-84|1|504|1499|1499[1499]:504[504]:996[996]
75880	2561-1755	0	10115	-1	460044at33208|TRINITY_DN90721_c0_g1_i1|-|317|3.425e-89|1|807|2561|2561[2561]:807[807]:1755[1755]
75990	922+852	0	255	1	304388at33208|TRINITY_DN3983_c0_g1_i2|+|47|6.498e-08|1|922|1773|922[922]:1773[1773]:852[852]
76344	172+861	0	3623	1	304388at33208|TRINITY_DN6198_c0_g1_i4|+|65|2.479e-13|1|172|1032|172[172]:1032[1032]:861[861]
76553	410-222	0	1503	-1	556039at33208|TRINITY_DN26628_c0_g1_i2|-|36|0.0001331|1|189|410|410[410]:189[189]:222[222]
76616	792+453	0	9959	1	614305at33208|TRINITY_DN3426_c0_g1_i3|+|40|8.318e-06|1|792|1244|792[792]:1244[1244]:453[453]
76731	2702+2142	0	9788	1	344338at33208|TRINITY_DN13636_c0_g1_i1|+|218|2.171e-59|1|2702|4843|2702[2702]:4843[4843]:2142[2142]
76780	1641-876	0	3467	-1	359532at33208|TRINITY_DN13588_c0_g1_i2|-|89|1.478e-20|1|766|1641|1641[1641]:766[766]:876[876]
77149	1062+801	0	3467	1	359532at33208|TRINITY_DN2104_c0_g1_i10|+|89|1.478e-20|1|1062|1862|1062[1062]:1862[1862]:801[801]
77154	1645-1236	0	6267	-1	304388at33208|TRINITY_DN2143_c0_g1_i3|-|38|3.327e-05|1|410|1645|1645[1645]:410[410]:1236[1236]
77193	2681-1035	0	6518	-1	514727at33208|TRINITY_DN23160_c0_g1_i9|-|34|0.0005323|1|1647|2681|2681[2681]:1647[1647]:1035[1035]
77201	1793-801	0	4780	-1	304388at33208|TRINITY_DN23145_c0_g1_i1|-|81|3.783e-18|1|993|1793|1793[1793]:993[993]:801[801]
77478	904+786	0	3467	1	359532at33208|TRINITY_DN28144_c0_g1_i19|+|48|3.249e-08|1|904|1689|904[904]:1689[1689]:786[786]
78291	268+747	0	3467	1	359532at33208|TRINITY_DN14909_c0_g1_i7|+|61|3.966e-12|1|268|1014|268[268]:1014[1014]:747[747]
78559	4952-597	0	1847	-1	304388at33208|TRINITY_DN2233_c0_g1_i3|-|39|1.664e-05|1|4356|4952|4952[4952]:4356[4356]:597[597]
78560	1662-558	0	4760	-1	304388at33208|TRINITY_DN2267_c0_g1_i1|-|56|1.269e-10|1|1105|1662|1662[1662]:1105[1105]:558[558]
78900	2165-720	0	3755	-1	304388at33208|TRINITY_DN6220_c0_g1_i12|-|62|1.983e-12|1|1446|2165|2165[2165]:1446[1446]:720[720]
80873	4097+264	0	3909	1	304388at33208|TRINITY_DN10761_c0_g1_i6|+|46|1.3e-07|1|4097|4360|4097[4097]:4360[4360]:264[264]
81160	1421-825	0	5614	-1	304388at33208|TRINITY_DN6602_c0_g1_i2|-|71|3.873e-15|1|597|1421|1421[1421]:597[597]:825[825]
81276	344+873	0	2294	1	304388at33208|TRINITY_DN249_c0_g1_i4|+|38|3.327e-05|1|344|1216|344[344]:1216[1216]:873[873]
81566	1257-315	0	2818	-1	490961at33208|TRINITY_DN7613_c0_g1_i6|-|67|6.197e-14|1|943|1257|1257[1257]:943[943]:315[315]
81761	1303+597	0	3546	1	304388at33208|TRINITY_DN5701_c0_g1_i3|+|43|1.04e-06|1|1303|1899|1303[1303]:1899[1899]:597[597]
81932	468+558	0	2388	1	304388at33208|TRINITY_DN8348_c1_g1_i2|+|43|1.04e-06|1|468|1025|468[468]:1025[1025]:558[558]
82019	6658-933	0	5509	-1	304388at33208|TRINITY_DN18475_c0_g1_i2|-|55|2.538e-10|1|5726|6658|6658[6658]:5726[5726]:933[933]
82019	4639-960	0	6892	-1	304388at33208|TRINITY_DN18475_c0_g1_i2|-|53|1.015e-09|1|3680|4639|4639[4639]:3680[3680]:960[960]
82035	1505+231	0	9457	1	544849at33208|TRINITY_DN11797_c0_g1_i1|+|70|7.747e-15|1|1505|1735|1505[1505]:1735[1735]:231[231]
82671	1366-492	0	10838	-1	640187at33208|TRINITY_DN2878_c0_g1_i13|-|38|3.327e-05|1|875|1366|1366[1366]:875[875]:492[492]
83193	816+852	0	10876	1	304388at33208|TRINITY_DN1627_c0_g1_i2|+|57|6.346e-11|1|816|1667|816[816]:1667[1667]:852[852]
83251	672+1047	0	2428	1	582823at33208|TRINITY_DN11918_c0_g1_i1|+|119|1.376e-29|1|672|1718|672[672]:1718[1718]:1047[1047]
83340	765+852	0	255	1	304388at33208|TRINITY_DN3983_c0_g1_i4|+|47|6.498e-08|1|765|1616|765[765]:1616[1616]:852[852]
84499	703+801	0	3467	1	359532at33208|TRINITY_DN2104_c0_g1_i2|+|89|1.478e-20|1|703|1503|703[703]:1503[1503]:801[801]
84551	1793-801	0	4780	-1	304388at33208|TRINITY_DN23145_c0_g1_i2|-|81|3.783e-18|1|993|1793|1793[1793]:993[993]:801[801]
84675	1133-345	0	5394	-1	445034at33208|TRINITY_DN12087_c0_g1_i1|-|34|0.0005323|1|789|1133|1133[1133]:789[789]:345[345]
85527	774-441	0	1550	-1	582823at33208|TRINITY_DN1339_c0_g1_i1|-|115|2.202e-28|1|334|774|774[774]:334[334]:441[441]
85562	74+438	0	9103	1	622172at33208|TRINITY_DN3758_c0_g1_i1|+|76|1.21e-16|1|74|511|74[74]:511[511]:438[438]
85909	4952-597	0	1847	-1	304388at33208|TRINITY_DN2233_c0_g1_i4|-|39|1.664e-05|1|4356|4952|4952[4952]:4356[4356]:597[597]
85910	1661-558	0	4760	-1	304388at33208|TRINITY_DN2267_c0_g1_i2|-|56|1.269e-10|1|1104|1661|1661[1661]:1104[1104]:558[558]
86023	2111+534	0	3524	1	640187at33208|TRINITY_DN126_c0_g2_i2|+|70|7.747e-15|1|2111|2644|2111[2111]:2644[2644]:534[534]
86246	1436-264	0	2963	-1	445034at33208|TRINITY_DN6285_c0_g1_i2|-|34|0.0005323|1|1173|1436|1436[1436]:1173[1173]:264[264]
86250	2118-573	0	4869	-1	304388at33208|TRINITY_DN6220_c0_g1_i13|-|47|6.498e-08|1|1546|2118|2118[2118]:1546[1546]:573[573]
87875	75+210	0	8943	1	642552at33208|TRINITY_DN154048_c0_g1_i1|+|36|0.0001331|1|75|284|75[75]:284[284]:210[210]
88312	1683-765	0	3467	-1	359532at33208|TRINITY_DN3603_c0_g1_i9|-|51|4.061e-09|1|919|1683|1683[1683]:919[919]:765[765]
88423	987+759	0	10158	1	359532at33208|TRINITY_DN19691_c0_g1_i1|+|100|7.215e-24|1|987|1745|987[987]:1745[1745]:759[759]
88626	344+873	0	2294	1	304388at33208|TRINITY_DN249_c0_g1_i5|+|37|6.654e-05|1|344|1216|344[344]:1216[1216]:873[873]
88915	395-165	0	2399	-1	544849at33208|TRINITY_DN7654_c0_g1_i1|-|36|0.0001331|1|231|395|395[395]:231[231]:165[165]
88916	1333-315	0	2818	-1	490961at33208|TRINITY_DN7613_c0_g1_i8|-|68|3.099e-14|1|1019|1333|1333[1333]:1019[1019]:315[315]
88955	1288+552	0	3524	1	640187at33208|TRINITY_DN19511_c0_g1_i4|+|79|1.513e-17|1|1288|1839|1288[1288]:1839[1839]:552[552]
89013	1693-690	0	2111	-1	304388at33208|TRINITY_DN1092_c0_g1_i3|-|38|3.327e-05|1|1004|1693|1693[1693]:1004[1004]:690[690]
89111	1303+597	0	3546	1	304388at33208|TRINITY_DN5701_c0_g1_i5|+|43|1.04e-06|1|1303|1899|1303[1303]:1899[1899]:597[597]
89183	112+885	0	481	1	359532at33208|TRINITY_DN11315_c0_g1_i1|+|61|3.966e-12|1|112|996|112[112]:996[996]:885[885]
89282	468+558	0	2388	1	304388at33208|TRINITY_DN8348_c1_g1_i6|+|43|1.04e-06|1|468|1025|468[468]:1025[1025]:558[558]
89369	6656-933	0	5509	-1	304388at33208|TRINITY_DN18475_c0_g1_i3|-|55|2.538e-10|1|5724|6656|6656[6656]:5724[5724]:933[933]
89369	4637-960	0	6892	-1	304388at33208|TRINITY_DN18475_c0_g1_i3|-|53|1.015e-09|1|3678|4637|4637[4637]:3678[3678]:960[960]
89385	1298+231	0	9457	1	544849at33208|TRINITY_DN11797_c0_g1_i12|+|70|7.747e-15|1|1298|1528|1298[1298]:1528[1528]:231[231]
89958	1369+663	0	3546	1	304388at33208|TRINITY_DN18590_c0_g1_i12|+|61|3.966e-12|1|1369|2031|1369[1369]:2031[2031]:663[663]
90021	1538-726	0	3199	-1	640187at33208|TRINITY_DN2878_c0_g1_i3|-|60|7.932e-12|1|813|1538|1538[1538]:813[813]:726[726]
90398	3144-2352	0	10107	-1	460044at33208|TRINITY_DN9260_c0_g1_i17|-|148|2.563e-38|1|793|3144|3144[3144]:793[793]:2352[2352]
90543	816+852	0	10876	1	304388at33208|TRINITY_DN1627_c0_g1_i3|+|57|6.346e-11|1|816|1667|816[816]:1667[1667]:852[852]
90601	672+1047	0	2428	1	582823at33208|TRINITY_DN11918_c0_g1_i2|+|119|1.376e-29|1|672|1718|672[672]:1718[1718]:1047[1047]
91053	2796-903	0	3836	-1	359532at33208|TRINITY_DN6111_c0_g1_i1|-|100|7.215e-24|1|1894|2796|2796[2796]:1894[1894]:903[903]
91480	1642-876	0	3467	-1	359532at33208|TRINITY_DN13588_c0_g1_i8|-|89|1.478e-20|1|767|1642|1642[1642]:767[767]:876[876]
91585	135+315	0	3909	1	304388at33208|TRINITY_DN6410_c0_g1_i2|+|34|0.0005323|1|135|449|135[135]:449[449]:315[315]
91849	776+801	0	3467	1	359532at33208|TRINITY_DN2104_c0_g1_i4|+|89|1.478e-20|1|776|1576|776[776]:1576[1576]:801[801]
92025	940-345	0	5394	-1	445034at33208|TRINITY_DN12087_c0_g1_i5|-|34|0.0005323|1|596|940|940[940]:596[596]:345[345]
92178	5035+786	0	3467	1	359532at33208|TRINITY_DN28144_c0_g1_i4|+|48|3.249e-08|1|5035|5820|5035[5035]:5820[5820]:786[786]
92645	1486-795	0	7775	-1	304388at33208|TRINITY_DN3074_c0_g1_i2|-|40|8.318e-06|1|692|1486|1486[1486]:692[692]:795[795]
92665	107+105	0	11737	1	344346at33208|TRINITY_DN5546_c0_g1_i1|+|61|3.966e-12|1|107|211|107[107]:211[211]:105[105]
92877	774-441	0	1550	-1	582823at33208|TRINITY_DN1339_c0_g1_i2|-|115|2.202e-28|1|334|774|774[774]:334[334]:441[441]
93148	317+585	0	9207	1	445034at33208|TRINITY_DN62756_c0_g1_i1|+|147|5.126e-38|1|317|901|317[317]:901[901]:585[585]
93507	167+1815	0	4228	1	622172at33208|TRINITY_DN963_c0_g1_i1|+|276|7.532e-77|1|167|1981|167[167]:1981[1981]:1815[1815]
93596	1265-264	0	2963	-1	445034at33208|TRINITY_DN6285_c0_g1_i6|-|34|0.0005323|1|1002|1265|1265[1265]:1002[1002]:264[264]
93600	743-744	0	5432	-1	304388at33208|TRINITY_DN6220_c0_g1_i14|-|48|3.249e-08|1|0|743|743[743]:0[0]:744[744]
95773	846+927	0	3389	1	359532at33208|TRINITY_DN19691_c0_g1_i3|+|82|1.891e-18|1|846|1772|846[846]:1772[1772]:927[927]
96015	2609-2331	0	6215	-1	346541at33208|TRINITY_DN15167_c0_g1_i1|-|505|8.731e-146|1|279|2609|2609[2609]:279[279]:2331[2331]
96026	1043+831	0	6351	1	359532at33208|TRINITY_DN13363_c0_g1_i2|+|34|0.0005323|1|1043|1873|1043[1043]:1873[1873]:831[831]
96363	3201-690	0	2111	-1	304388at33208|TRINITY_DN1092_c0_g1_i4|-|38|3.327e-05|1|2512|3201|3201[3201]:2512[2512]:690[690]
96461	1303+597	0	3546	1	304388at33208|TRINITY_DN5701_c0_g1_i8|+|43|1.04e-06|1|1303|1899|1303[1303]:1899[1899]:597[597]
96533	112+885	0	481	1	359532at33208|TRINITY_DN11315_c0_g1_i2|+|61|3.966e-12|1|112|996|112[112]:996[996]:885[885]
96619	1548+288	0	251	1	577929at33208|TRINITY_DN8311_c0_g1_i1|+|34|0.0005323|1|1548|1835|1548[1548]:1835[1835]:288[288]
96980	224+714	0	7548	1	304388at33208|TRINITY_DN2349_c0_g1_i12|+|59|1.586e-11|1|224|937|224[224]:937[937]:714[714]
97371	1380-726	0	3199	-1	640187at33208|TRINITY_DN2878_c0_g1_i8|-|60|7.932e-12|1|655|1380|1380[1380]:655[655]:726[726]
97748	2909-2352	0	10107	-1	460044at33208|TRINITY_DN9260_c0_g1_i19|-|148|2.563e-38|1|558|2909|2909[2909]:558[558]:2352[2352]
97791	1484-312	0	2818	-1	490961at33208|TRINITY_DN91793_c0_g1_i1|-|71|3.873e-15|1|1173|1484|1484[1484]:1173[1173]:312[312]
97897	617+885	0	9292	1	304388at33208|TRINITY_DN1622_c0_g1_i1|+|34|0.0005323|1|617|1501|617[617]:1501[1501]:885[885]
98403	2888-903	0	3836	-1	359532at33208|TRINITY_DN6111_c0_g1_i2|-|100|7.215e-24|1|1986|2888|2888[2888]:1986[1986]:903[903]
99199	688+801	0	3467	1	359532at33208|TRINITY_DN2104_c0_g1_i6|+|89|1.478e-20|1|688|1488|688[688]:1488[1488]:801[801]
99375	1218-345	0	5394	-1	445034at33208|TRINITY_DN12087_c0_g1_i6|-|34|0.0005323|1|874|1218|1218[1218]:874[874]:345[345]
99528	5038+786	0	3467	1	359532at33208|TRINITY_DN28144_c0_g1_i7|+|48|3.249e-08|1|5038|5823|5038[5038]:5823[5823]:786[786]
99880	330+729	0	8044	1	304388at33208|TRINITY_DN9763_c0_g1_i1|+|64|4.958e-13|1|330|1058|330[330]:1058[1058]:729[729]
99995	1486-795	0	7775	-1	304388at33208|TRINITY_DN3074_c0_g1_i3|-|40|8.318e-06|1|692|1486|1486[1486]:692[692]:795[795]
100857	167+1815	0	4228	1	622172at33208|TRINITY_DN963_c0_g1_i2|+|276|7.532e-77|1|167|1981|167[167]:1981[1981]:1815[1815]
100950	2454-573	0	4869	-1	304388at33208|TRINITY_DN6220_c0_g1_i16|-|47|6.498e-08|1|1882|2454|2454[2454]:1882[1882]:573[573]
102451	132+270	0	1654	1	642552at33208|TRINITY_DN176984_c0_g1_i1|+|61|3.966e-12|1|132|401|132[132]:401[401]:270[270]
103077	1371-564	0	9723	-1	515425at33208|TRINITY_DN7230_c0_g1_i1|-|46|1.3e-07|1|808|1371|1371[1371]:808[808]:564[564]
103123	879+753	0	4094	1	359532at33208|TRINITY_DN19691_c0_g1_i5|+|74|4.842e-16|1|879|1631|879[879]:1631[1631]:753[753]
103376	1106+831	0	6351	1	359532at33208|TRINITY_DN13363_c0_g1_i5|+|34|0.0005323|1|1106|1936|1106[1106]:1936[1936]:831[831]
103615	491-165	0	2399	-1	544849at33208|TRINITY_DN7654_c0_g1_i6|-|36|0.0001331|1|327|491|491[491]:327[327]:165[165]
103713	3193-690	0	2111	-1	304388at33208|TRINITY_DN1092_c0_g1_i5|-|38|3.327e-05|1|2504|3193|3193[3193]:2504[2504]:690[690]
103969	1548+288	0	251	1	577929at33208|TRINITY_DN8311_c0_g1_i2|+|34|0.0005323|1|1548|1835|1548[1548]:1835[1835]:288[288]
104085	1295+231	0	9457	1	544849at33208|TRINITY_DN11797_c0_g1_i8|+|70|7.747e-15|1|1295|1525|1295[1295]:1525[1525]:231[231]
104261	750-231	0	9612	-1	544849at33208|TRINITY_DN90394_c0_g1_i1|-|87|5.91e-20|1|520|750|750[750]:520[520]:231[231]
104316	796-663	0	7619	-1	157138at33208|TRINITY_DN48050_c0_g1_i1|-|98|2.886e-23|1|134|796|796[796]:134[134]:663[663]
104330	224+714	0	7548	1	304388at33208|TRINITY_DN2349_c0_g1_i2|+|59|1.586e-11|1|224|937|224[224]:937[937]:714[714]
104658	203+597	0	3546	1	304388at33208|TRINITY_DN18590_c0_g1_i2|+|61|3.966e-12|1|203|799|203[203]:799[799]:597[597]
105098	2623-2352	0	10107	-1	460044at33208|TRINITY_DN9260_c0_g1_i20|-|148|2.563e-38|1|272|2623|2623[2623]:272[272]:2352[2352]
105247	617+885	0	9292	1	304388at33208|TRINITY_DN1622_c0_g1_i3|+|34|0.0005323|1|617|1501|617[617]:1501[1501]:885[885]
105390	765+852	0	255	1	304388at33208|TRINITY_DN3983_c0_g1_i9|+|47|6.498e-08|1|765|1616|765[765]:1616[1616]:852[852]
106239	3230-567	0	4760	-1	304388at33208|TRINITY_DN1946_c0_g1_i1|-|44|5.199e-07|1|2664|3230|3230[3230]:2664[2664]:567[567]
106239	2108-438	0	9382	-1	304388at33208|TRINITY_DN1946_c0_g1_i1|-|42|2.079e-06|1|1671|2108|2108[2108]:1671[1671]:438[438]
106549	688+801	0	3467	1	359532at33208|TRINITY_DN2104_c0_g1_i8|+|89|1.478e-20|1|688|1488|688[688]:1488[1488]:801[801]
106725	1161-345	0	5394	-1	445034at33208|TRINITY_DN12087_c0_g1_i7|-|34|0.0005323|1|817|1161|1161[1161]:817[817]:345[345]
108104	1415-246	0	9457	-1	544849at33208|TRINITY_DN29703_c0_g1_i1|-|64|4.958e-13|1|1170|1415|1415[1415]:1170[1170]:246[246]
108296	447+264	0	2963	1	445034at33208|TRINITY_DN6285_c0_g2_i10|+|34|0.0005323|1|447|710|447[447]:710[710]:264[264]
108300	1542-765	0	7775	-1	304388at33208|TRINITY_DN6220_c0_g1_i17|-|48|3.249e-08|1|778|1542|1542[1542]:778[778]:765[765]
110427	1371-564	0	9723	-1	515425at33208|TRINITY_DN7230_c0_g1_i2|-|46|1.3e-07|1|808|1371|1371[1371]:808[808]:564[564]
110733	289+567	0	1505	1	239149at33208|TRINITY_DN13316_c0_g1_i1|+|39|1.664e-05|1|289|855|289[289]:855[855]:567[567]
110965	491-165	0	2399	-1	544849at33208|TRINITY_DN7654_c0_g1_i7|-|36|0.0001331|1|327|491|491[491]:327[327]:165[165]
111063	3188-690	0	2111	-1	304388at33208|TRINITY_DN1092_c0_g1_i6|-|38|3.327e-05|1|2499|3188|3188[3188]:2499[2499]:690[690]
111319	1548+288	0	251	1	577929at33208|TRINITY_DN8311_c0_g1_i4|+|34|0.0005323|1|1548|1835|1548[1548]:1835[1835]:288[288]
111355	346+831	0	10876	1	304388at33208|TRINITY_DN2669_c0_g1_i2|+|74|4.842e-16|1|346|1176|346[346]:1176[1176]:831[831]
111575	1803-273	0	6577	-1	544849at33208|TRINITY_DN3521_c0_g1_i1|-|67|6.197e-14|1|1531|1803|1803[1803]:1531[1531]:273[273]
111638	122+1173	0	3830	1	359532at33208|TRINITY_DN13467_c0_g1_i1|+|76|1.21e-16|1|122|1294|122[122]:1294[1294]:1173[1173]
111666	796-663	0	7619	-1	157138at33208|TRINITY_DN48050_c0_g1_i2|-|98|2.886e-23|1|134|796|796[796]:134[134]:663[663]
111680	224+714	0	7548	1	304388at33208|TRINITY_DN2349_c0_g1_i3|+|59|1.586e-11|1|224|937|224[224]:937[937]:714[714]
112262	684+660	0	10800	1	304388at33208|TRINITY_DN12574_c0_g1_i1|+|45|2.599e-07|1|684|1343|684[684]:1343[1343]:660[660]
112321	641+822	0	1580	1	304388at33208|TRINITY_DN2511_c0_g1_i1|+|48|3.249e-08|1|641|1462|641[641]:1462[1462]:822[822]
112597	617+885	0	9292	1	304388at33208|TRINITY_DN1622_c0_g1_i4|+|34|0.0005323|1|617|1501|617[617]:1501[1501]:885[885]
113040	275+747	0	3814	1	304388at33208|TRINITY_DN1131_c0_g1_i1|+|49|1.625e-08|1|275|1021|275[275]:1021[1021]:747[747]
113250	5997-2124	0	9788	-1	344338at33208|TRINITY_DN26510_c0_g1_i3|-|222|1.357e-60|1|3874|5997|5997[5997]:3874[3874]:2124[2124]
113589	3221-567	0	4760	-1	304388at33208|TRINITY_DN1946_c0_g1_i3|-|44|5.199e-07|1|2655|3221|3221[3221]:2655[2655]:567[567]
113589	2108-438	0	9382	-1	304388at33208|TRINITY_DN1946_c0_g1_i3|-|42|2.079e-06|1|1671|2108|2108[2108]:1671[1671]:438[438]
114561	1357-408	0	529	-1	344338at33208|TRINITY_DN8204_c0_g1_i1|-|34|0.0005323|1|950|1357|1357[1357]:950[950]:408[408]
115304	1410+417	0	6400	1	304388at33208|TRINITY_DN2205_c0_g1_i2|+|62|1.983e-12|1|1410|1826|1410[1410]:1826[1826]:417[417]
115422	1239-873	0	1381	-1	304388at33208|TRINITY_DN144_c1_g1_i1|-|60|7.932e-12|1|367|1239|1239[1239]:367[367]:873[873]
115557	167+1815	0	4228	1	622172at33208|TRINITY_DN963_c0_g1_i5|+|276|7.532e-77|1|167|1981|167[167]:1981[1981]:1815[1815]
115646	376+264	0	2963	1	445034at33208|TRINITY_DN6285_c0_g2_i15|+|34|0.0005323|1|376|639|376[376]:639[639]:264[264]
115650	2598-573	0	4869	-1	304388at33208|TRINITY_DN6220_c0_g1_i18|-|47|6.498e-08|1|2026|2598|2598[2598]:2026[2026]:573[573]
115665	73+954	0	4201	1	359532at33208|TRINITY_DN19050_c0_g1_i1|+|72|1.937e-15|1|73|1026|73[73]:1026[1026]:954[954]
117625	77+729	0	3467	1	359532at33208|TRINITY_DN36222_c0_g1_i1|+|97|5.772e-23|1|77|805|77[77]:805[805]:729[729]
117777	559+384	0	6491	1	597023at33208|TRINITY_DN7211_c0_g1_i1|+|36|0.0001331|1|559|942|559[559]:942[942]:384[384]
117958	1010-837	0	7506	-1	304388at33208|TRINITY_DN38939_c0_g1_i1|-|66|1.239e-13|1|174|1010|1010[1010]:174[174]:837[837]
118413	3203-690	0	2111	-1	304388at33208|TRINITY_DN1092_c0_g1_i7|-|38|3.327e-05|1|2514|3203|3203[3203]:2514[2514]:690[690]
118669	1548+288	0	251	1	577929at33208|TRINITY_DN8311_c0_g1_i6|+|34|0.0005323|1|1548|1835|1548[1548]:1835[1835]:288[288]
118925	3453-273	0	6577	-1	544849at33208|TRINITY_DN3521_c0_g1_i2|-|67|6.197e-14|1|3181|3453|3453[3453]:3181[3181]:273[273]
118961	748-231	0	9612	-1	544849at33208|TRINITY_DN90394_c0_g1_i3|-|87|5.91e-20|1|518|748|748[748]:518[518]:231[231]
118989	628-534	0	3524	-1	640187at33208|TRINITY_DN13439_c0_g1_i10|-|109|1.409e-26|1|95|628|628[628]:95[95]:534[534]
119030	224+714	0	7548	1	304388at33208|TRINITY_DN2349_c0_g1_i6|+|59|1.586e-11|1|224|937|224[224]:937[937]:714[714]
119358	1369+663	0	3546	1	304388at33208|TRINITY_DN18590_c0_g1_i4|+|61|3.966e-12|1|1369|2031|1369[1369]:2031[2031]:663[663]
119584	2331-672	0	659	-1	304388at33208|TRINITY_DN5615_c0_g1_i1|-|36|0.0001331|1|1660|2331|2331[2331]:1660[1660]:672[672]
119671	641+822	0	1580	1	304388at33208|TRINITY_DN2511_c0_g1_i2|+|48|3.249e-08|1|641|1462|641[641]:1462[1462]:822[822]
120168	2056-768	0	3027	-1	304388at33208|TRINITY_DN3831_c0_g1_i2|-|46|1.3e-07|1|1289|2056|2056[2056]:1289[1289]:768[768]
120390	275+747	0	3814	1	304388at33208|TRINITY_DN1131_c0_g1_i11|+|49|1.625e-08|1|275|1021|275[275]:1021[1021]:747[747]
120600	4053-2124	0	9788	-1	344338at33208|TRINITY_DN26510_c0_g1_i5|-|222|1.357e-60|1|1930|4053|4053[4053]:1930[1930]:2124[2124]
120795	3014-729	0	3546	-1	304388at33208|TRINITY_DN4057_c0_g1_i5|-|80|7.565e-18|1|2286|3014|3014[3014]:2286[2286]:729[729]
121138	1507-342	0	10824	-1	304388at33208|TRINITY_DN41174_c0_g1_i1|-|36|0.0001331|1|1166|1507|1507[1507]:1166[1166]:342[342]
121244	16+282	0	2818	1	490961at33208|TRINITY_DN29644_c0_g1_i1|+|52|2.031e-09|1|16|297|16[16]:297[297]:282[282]
121785	355+822	0	4144	1	359532at33208|TRINITY_DN4491_c0_g1_i2|+|87|5.91e-20|1|355|1176|355[355]:1176[1176]:822[822]
122174	399+645	0	297	1	359532at33208|TRINITY_DN322_c0_g1_i1|+|83|9.456e-19|1|399|1043|399[399]:1043[1043]:645[645]
122654	1410+417	0	6400	1	304388at33208|TRINITY_DN2205_c0_g1_i3|+|62|1.983e-12|1|1410|1826|1410[1410]:1826[1826]:417[417]
122804	3576-246	0	9457	-1	544849at33208|TRINITY_DN29703_c0_g1_i6|-|64|4.958e-13|1|3331|3576|3576[3576]:3331[3331]:246[246]
122996	447+264	0	2963	1	445034at33208|TRINITY_DN6285_c0_g2_i18|+|34|0.0005323|1|447|710|447[447]:710[710]:264[264]
123000	2562-573	0	4869	-1	304388at33208|TRINITY_DN6220_c0_g1_i7|-|47|6.498e-08|1|1990|2562|2562[2562]:1990[1990]:573[573]
124975	77+729	0	3467	1	359532at33208|TRINITY_DN36222_c0_g1_i10|+|97|5.772e-23|1|77|805|77[77]:805[805]:729[729]
125127	559+384	0	6491	1	597023at33208|TRINITY_DN7211_c0_g1_i3|+|36|0.0001331|1|559|942|559[559]:942[942]:384[384]
125331	1182+588	0	3524	1	640187at33208|TRINITY_DN7091_c0_g2_i1|+|72|1.937e-15|1|1182|1769|1182[1182]:1769[1769]:588[588]
125762	265+711	0	3467	1	359532at33208|TRINITY_DN1056_c0_g1_i20|+|236|8.282e-65|1|265|975|265[265]:975[975]:711[711]
125763	3205-690	0	2111	-1	304388at33208|TRINITY_DN1092_c0_g1_i8|-|38|3.327e-05|1|2516|3205|3205[3205]:2516[2516]:690[690]
126055	346+831	0	10876	1	304388at33208|TRINITY_DN2669_c0_g1_i5|+|74|4.842e-16|1|346|1176|346[346]:1176[1176]:831[831]
126311	432-231	0	9612	-1	544849at33208|TRINITY_DN90394_c0_g1_i5|-|87|5.91e-20|1|202|432|432[432]:202[202]:231[231]
126380	221+705	0	10348	1	304388at33208|TRINITY_DN2349_c0_g1_i7|+|57|6.346e-11|1|221|925|221[221]:925[925]:705[705]
126415	1641+543	0	2308	1	304388at33208|TRINITY_DN17094_c1_g1_i12|+|38|3.327e-05|1|1641|2183|1641[1641]:2183[2183]:543[543]
126708	1436+597	0	3546	1	304388at33208|TRINITY_DN18590_c0_g1_i7|+|61|3.966e-12|1|1436|2032|1436[1436]:2032[2032]:597[597]
126933	77+639	0	3546	1	304388at33208|TRINITY_DN5619_c0_g1_i10|+|36|0.0001331|1|77|715|77[77]:715[715]:639[639]
126934	2332-672	0	659	-1	304388at33208|TRINITY_DN5615_c0_g1_i2|-|36|0.0001331|1|1661|2332|2332[2332]:1661[1661]:672[672]
127000	1416-771	0	3467	-1	359532at33208|TRINITY_DN9963_c0_g1_i1|-|76|1.21e-16|1|646|1416|1416[1416]:646[646]:771[771]
127021	641+822	0	1580	1	304388at33208|TRINITY_DN2511_c0_g1_i4|+|48|3.249e-08|1|641|1462|641[641]:1462[1462]:822[822]
127518	1660-768	0	3027	-1	304388at33208|TRINITY_DN3831_c0_g1_i3|-|46|1.3e-07|1|893|1660|1660[1660]:893[893]:768[768]
127740	275+747	0	3814	1	304388at33208|TRINITY_DN1131_c0_g1_i7|+|49|1.625e-08|1|275|1021|275[275]:1021[1021]:747[747]
127835	831-828	0	10876	-1	304388at33208|TRINITY_DN95399_c0_g1_i1|-|59|1.586e-11|1|4|831|831[831]:4[4]:828[828]
128534	1600-690	0	5751	-1	556039at33208|TRINITY_DN1871_c1_g1_i3|-|357|3.115e-101|1|911|1600|1600[1600]:911[911]:690[690]
128594	16+252	0	2818	1	490961at33208|TRINITY_DN29644_c0_g1_i2|+|39|1.664e-05|1|16|267|16[16]:267[267]:252[252]
129135	355+822	0	4144	1	359532at33208|TRINITY_DN4491_c0_g1_i5|+|87|5.91e-20|1|355|1176|355[355]:1176[1176]:822[822]
129192	1083+792	0	3755	1	304388at33208|TRINITY_DN14237_c0_g1_i10|+|60|7.932e-12|1|1083|1874|1083[1083]:1874[1874]:792[792]
129283	1349+813	0	3467	1	359532at33208|TRINITY_DN9764_c0_g1_i7|+|57|6.346e-11|1|1349|2161|1349[1349]:2161[2161]:813[813]
129524	405+465	0	1646	1	359532at33208|TRINITY_DN322_c0_g1_i2|+|54|5.077e-10|1|405|869|405[405]:869[869]:465[465]
129530	829+798	0	5303	1	304388at33208|TRINITY_DN379_c0_g1_i1|+|58|3.173e-11|1|829|1626|829[829]:1626[1626]:798[798]
130004	1410+417	0	6400	1	304388at33208|TRINITY_DN2205_c0_g1_i4|+|62|1.983e-12|1|1410|1826|1410[1410]:1826[1826]:417[417]
130346	408+264	0	2963	1	445034at33208|TRINITY_DN6285_c0_g2_i19|+|34|0.0005323|1|408|671|408[408]:671[671]:264[264]
130350	2418-573	0	4869	-1	304388at33208|TRINITY_DN6220_c0_g1_i8|-|47|6.498e-08|1|1846|2418|2418[2418]:1846[1846]:573[573]
132325	77+729	0	3467	1	359532at33208|TRINITY_DN36222_c0_g1_i11|+|97|5.772e-23|1|77|805|77[77]:805[805]:729[729]
132477	557+384	0	6491	1	597023at33208|TRINITY_DN7211_c0_g1_i4|+|36|0.0001331|1|557|940|557[557]:940[940]:384[384]
132960	962-723	0	10380	-1	304388at33208|TRINITY_DN65228_c0_g1_i1|-|66|1.239e-13|1|240|962|962[962]:240[240]:723[723]
133332	1257-828	0	9292	-1	304388at33208|TRINITY_DN5974_c0_g1_i10|-|34|0.0005323|1|430|1257|1257[1257]:430[430]:828[828]
134058	32+597	0	3546	1	304388at33208|TRINITY_DN18590_c0_g1_i9|+|61|3.966e-12|1|32|628|32[32]:628[628]:597[597]
134283	44+780	0	7562	1	304388at33208|TRINITY_DN5619_c0_g1_i11|+|34|0.0005323|1|44|823|44[44]:823[823]:780[780]
134416	2588-537	0	2308	-1	304388at33208|TRINITY_DN2932_c0_g1_i10|-|43|1.04e-06|1|2052|2588|2588[2588]:2052[2052]:537[537]
134868	2055-768	0	3027	-1	304388at33208|TRINITY_DN3831_c0_g1_i4|-|46|1.3e-07|1|1288|2055|2055[2055]:1288[1288]:768[768]
135090	407+747	0	3814	1	304388at33208|TRINITY_DN1131_c0_g1_i8|+|49|1.625e-08|1|407|1153|407[407]:1153[1153]:747[747]
135495	2946-729	0	3546	-1	304388at33208|TRINITY_DN4057_c0_g1_i7|-|80|7.565e-18|1|2218|2946|2946[2946]:2218[2218]:729[729]
135532	131+780	0	4656	1	304388at33208|TRINITY_DN13696_c0_g1_i1|+|50|8.123e-09|1|131|910|131[131]:910[910]:780[780]
135884	1512-690	0	5751	-1	556039at33208|TRINITY_DN1871_c1_g1_i5|-|357|3.115e-101|1|823|1512|1512[1512]:823[823]:690[690]
136125	1271-204	0	3909	-1	304388at33208|TRINITY_DN12033_c0_g1_i2|-|34|0.0005323|1|1068|1271|1271[1271]:1068[1068]:204[204]
136146	1321-570	0	1302	-1	359532at33208|TRINITY_DN2428_c0_g1_i10|-|55|2.538e-10|1|752|1321|1321[1321]:752[752]:570[570]
136485	275+822	0	4144	1	359532at33208|TRINITY_DN4491_c0_g1_i6|+|87|5.91e-20|1|275|1096|275[275]:1096[1096]:822[822]
136858	603+696	0	10348	1	304388at33208|TRINITY_DN7146_c0_g1_i3|+|53|1.015e-09|1|603|1298|603[603]:1298[1298]:696[696]
136874	399+645	0	297	1	359532at33208|TRINITY_DN322_c0_g1_i4|+|83|9.456e-19|1|399|1043|399[399]:1043[1043]:645[645]
136880	19+420	0	6400	1	304388at33208|TRINITY_DN379_c0_g1_i2|+|53|1.015e-09|1|19|438|19[19]:438[438]:420[420]
137354	476+417	0	6400	1	304388at33208|TRINITY_DN2205_c0_g1_i5|+|62|1.983e-12|1|476|892|476[476]:892[892]:417[417]
137366	1449-759	0	6333	-1	304388at33208|TRINITY_DN2212_c0_g1_i2|-|68|3.099e-14|1|691|1449|1449[1449]:691[691]:759[759]
137570	1677-477	0	9382	-1	304388at33208|TRINITY_DN2795_c0_g1_i10|-|49|1.625e-08|1|1201|1677|1677[1677]:1201[1201]:477[477]
139977	183+312	0	3373	1	577929at33208|TRINITY_DN1717_c0_g1_i2|+|35|0.0002662|1|183|494|183[183]:494[494]:312[312]
140310	962-723	0	10380	-1	304388at33208|TRINITY_DN65228_c0_g1_i2|-|66|1.239e-13|1|240|962|962[962]:240[240]:723[723]
140462	1+735	0	3467	1	359532at33208|TRINITY_DN1056_c0_g1_i4|+|246|8.088e-68|1|1|735|1[1]:735[735]:735[735]
140682	1473-828	0	9292	-1	304388at33208|TRINITY_DN5974_c0_g1_i11|-|34|0.0005323|1|646|1473|1473[1473]:646[646]:828[828]
141115	1644+693	0	6512	1	304388at33208|TRINITY_DN17094_c1_g1_i5|+|43|1.04e-06|1|1644|2336|1644[1644]:2336[2336]:693[693]
141454	313+735	0	3755	1	304388at33208|TRINITY_DN9311_c0_g1_i1|+|59|1.586e-11|1|313|1047|313[313]:1047[1047]:735[735]
141633	44+780	0	7562	1	304388at33208|TRINITY_DN5619_c0_g1_i13|+|34|0.0005323|1|44|823|44[44]:823[823]:780[780]
141952	1744-765	0	3467	-1	359532at33208|TRINITY_DN18250_c0_g1_i4|-|51|4.061e-09|1|980|1744|1744[1744]:980[980]:765[765]
142081	909-369	0	7635	-1	304388at33208|TRINITY_DN6307_c0_g1_i1|-|40|8.318e-06|1|541|909|909[909]:541[541]:369[369]
142218	2056-768	0	3027	-1	304388at33208|TRINITY_DN3831_c0_g1_i5|-|46|1.3e-07|1|1289|2056|2056[2056]:1289[1289]:768[768]
142525	1451+840	0	5700	1	304388at33208|TRINITY_DN770_c0_g1_i1|+|45|2.599e-07|1|1451|2290|1451[1451]:2290[2290]:840[840]
142845	3278-729	0	3546	-1	304388at33208|TRINITY_DN4057_c0_g1_i8|-|80|7.565e-18|1|2550|3278|3278[3278]:2550[2550]:729[729]
142882	131+780	0	4656	1	304388at33208|TRINITY_DN13696_c0_g1_i2|+|50|8.123e-09|1|131|910|131[131]:910[910]:780[780]
143234	1577-755	0	5751	-1	556039at33208|TRINITY_DN1871_c1_g1_i6|-|359|7.788e-102|2|823|1577|1577[1577]:1218[1218]:360[360]|1149[1149]:823[823]:327[327]
143835	104+822	0	4144	1	359532at33208|TRINITY_DN4491_c0_g1_i7|+|87|5.91e-20|1|104|925|104[104]:925[925]:822[822]
143892	1083+792	0	3755	1	304388at33208|TRINITY_DN14237_c0_g1_i2|+|60|7.932e-12|1|1083|1874|1083[1083]:1874[1874]:792[792]
144224	399+669	0	297	1	359532at33208|TRINITY_DN322_c0_g1_i6|+|86|1.182e-19|1|399|1067|399[399]:1067[1067]:669[669]
144230	829+798	0	5303	1	304388at33208|TRINITY_DN379_c0_g1_i3|+|58|3.173e-11|1|829|1626|829[829]:1626[1626]:798[798]
144716	1449-759	0	6333	-1	304388at33208|TRINITY_DN2212_c0_g1_i5|-|68|3.099e-14|1|691|1449|1449[1449]:691[691]:759[759]
144920	1677-477	0	9382	-1	304388at33208|TRINITY_DN2795_c0_g1_i13|-|49|1.625e-08|1|1201|1677|1677[1677]:1201[1201]:477[477]
145012	1011+540	0	6251	1	515425at33208|TRINITY_DN14672_c0_g1_i1|+|60|7.932e-12|1|1011|1550|1011[1011]:1550[1550]:540[540]
145046	408+264	0	2963	1	445034at33208|TRINITY_DN6285_c0_g2_i5|+|34|0.0005323|1|408|671|408[408]:671[671]:264[264]
147327	183+312	0	3373	1	577929at33208|TRINITY_DN1717_c0_g1_i5|+|35|0.0002662|1|183|494|183[183]:494[494]:312[312]
147660	963-723	0	10380	-1	304388at33208|TRINITY_DN65228_c0_g1_i3|-|66|1.239e-13|1|241|963|963[963]:241[241]:723[723]
148032	1473-828	0	9292	-1	304388at33208|TRINITY_DN5974_c0_g1_i12|-|34|0.0005323|1|646|1473|1473[1473]:646[646]:828[828]
148106	3819-744	0	3467	-1	359532at33208|TRINITY_DN2665_c0_g1_i1|-|46|1.3e-07|1|3076|3819|3819[3819]:3076[3076]:744[744]
148983	44+780	0	7562	1	304388at33208|TRINITY_DN5619_c0_g1_i15|+|34|0.0005323|1|44|823|44[44]:823[823]:780[780]
149116	2192-537	0	2308	-1	304388at33208|TRINITY_DN2932_c0_g1_i12|-|43|1.04e-06|1|1656|2192|2192[2192]:1656[1656]:537[537]
149431	910-369	0	7635	-1	304388at33208|TRINITY_DN6307_c0_g1_i3|-|40|8.318e-06|1|542|910|910[910]:542[542]:369[369]
149488	304+420	0	1664	1	614305at33208|TRINITY_DN3956_c0_g1_i1|+|34|0.0005323|1|304|723|304[304]:723[723]:420[420]
149507	118+1497	0	9370	1	359532at33208|TRINITY_DN46106_c0_g1_i4|+|74|4.842e-16|1|118|1614|118[118]:1614[1614]:1497[1497]
149507	4609+396	0	11541	1	359532at33208|TRINITY_DN46106_c0_g1_i4|+|39|1.664e-05|1|4609|5004|4609[4609]:5004[5004]:396[396]
149574	1362+429	0	10677	1	304388at33208|TRINITY_DN3833_c0_g1_i1|+|39|1.664e-05|1|1362|1790|1362[1362]:1790[1790]:429[429]
149666	179+735	0	11394	1	304388at33208|TRINITY_DN4200_c0_g1_i12|+|56|1.269e-10|1|179|913|179[179]:913[913]:735[735]
149766	1959+870	0	2502	1	304388at33208|TRINITY_DN12417_c0_g1_i4|+|44|5.199e-07|1|1959|2828|1959[1959]:2828[2828]:870[870]
149875	1451+840	0	3814	1	304388at33208|TRINITY_DN770_c0_g1_i2|+|44|5.199e-07|1|1451|2290|1451[1451]:2290[2290]:840[840]
150232	131+780	0	4656	1	304388at33208|TRINITY_DN13696_c0_g1_i4|+|50|8.123e-09|1|131|910|131[131]:910[910]:780[780]
150644	16+282	0	2818	1	490961at33208|TRINITY_DN29644_c0_g1_i6|+|52|2.031e-09|1|16|297|16[16]:297[297]:282[282]
150662	596+729	0	3467	1	359532at33208|TRINITY_DN2147_c0_g1_i1|+|66|1.239e-13|1|596|1324|596[596]:1324[1324]:729[729]
150825	1271-204	0	3909	-1	304388at33208|TRINITY_DN12033_c0_g1_i22|-|34|0.0005323|1|1068|1271|1271[1271]:1068[1068]:204[204]
150846	1321-570	0	1302	-1	359532at33208|TRINITY_DN2428_c0_g1_i2|-|56|1.269e-10|1|752|1321|1321[1321]:752[752]:570[570]
150881	48+789	0	4640	1	304388at33208|TRINITY_DN53291_c0_g1_i1|+|39|1.664e-05|1|48|836|48[48]:836[836]:789[789]
151242	1083+792	0	3755	1	304388at33208|TRINITY_DN14237_c0_g1_i3|+|60|7.932e-12|1|1083|1874|1083[1083]:1874[1874]:792[792]
151558	603+696	0	10348	1	304388at33208|TRINITY_DN7146_c0_g1_i5|+|53|1.015e-09|1|603|1298|603[603]:1298[1298]:696[696]
151671	312+750	0	69	1	557694at33208|TRINITY_DN1372_c0_g1_i1|+|55|2.538e-10|1|312|1061|312[312]:1061[1061]:750[750]
152066	1449-759	0	6333	-1	304388at33208|TRINITY_DN2212_c0_g1_i6|-|68|3.099e-14|1|691|1449|1449[1449]:691[691]:759[759]
152270	1677-477	0	9382	-1	304388at33208|TRINITY_DN2795_c0_g1_i14|-|49|1.625e-08|1|1201|1677|1677[1677]:1201[1201]:477[477]
152362	97+540	0	6251	1	515425at33208|TRINITY_DN14672_c0_g1_i2|+|60|7.932e-12|1|97|636|97[97]:636[636]:540[540]
152518	174-174	0	902	-1	556039at33208|TRINITY_DN209957_c0_g1_i1|-|78|3.026e-17|1|1|174|174[174]:1[1]:174[174]
154677	795+312	0	3373	1	577929at33208|TRINITY_DN1717_c0_g1_i9|+|35|0.0002662|1|795|1106|795[795]:1106[1106]:312[312]
155343	1450-756	0	3467	-1	359532at33208|TRINITY_DN10445_c0_g1_i2|-|71|3.873e-15|1|695|1450|1450[1450]:695[695]:756[756]
155382	1450-828	0	9292	-1	304388at33208|TRINITY_DN5974_c0_g1_i13|-|34|0.0005323|1|623|1450|1450[1450]:623[623]:828[828]
155549	778-777	0	8963	-1	304388at33208|TRINITY_DN1479_c0_g1_i1|-|61|3.966e-12|1|2|778|778[778]:2[2]:777[777]
156128	727-549	0	3524	-1	640187at33208|TRINITY_DN3325_c1_g1_i10|-|87|5.91e-20|1|179|727|727[727]:179[179]:549[549]
156333	77+693	0	3546	1	304388at33208|TRINITY_DN5619_c0_g1_i17|+|36|0.0001331|1|77|769|77[77]:769[769]:693[693]
156466	2650-537	0	2308	-1	304388at33208|TRINITY_DN2932_c0_g1_i2|-|43|1.04e-06|1|2114|2650|2650[2650]:2114[2114]:537[537]
156781	867-369	0	7635	-1	304388at33208|TRINITY_DN6307_c0_g1_i4|-|40|8.318e-06|1|499|867|867[867]:499[499]:369[369]
156857	118+1497	0	9370	1	359532at33208|TRINITY_DN46106_c0_g1_i5|+|74|4.842e-16|1|118|1614|118[118]:1614[1614]:1497[1497]
156857	4609+396	0	11541	1	359532at33208|TRINITY_DN46106_c0_g1_i5|+|39|1.664e-05|1|4609|5004|4609[4609]:5004[5004]:396[396]
156899	496+249	0	2818	1	490961at33208|TRINITY_DN20974_c0_g1_i1|+|54|5.077e-10|1|496|744|496[496]:744[744]:249[249]
156924	1362+429	0	10677	1	304388at33208|TRINITY_DN3833_c0_g1_i2|+|39|1.664e-05|1|1362|1790|1362[1362]:1790[1790]:429[429]
157016	257+735	0	11394	1	304388at33208|TRINITY_DN4200_c0_g1_i18|+|56|1.269e-10|1|257|991|257[257]:991[991]:735[735]
157134	953+510	0	746	1	544546at33208|TRINITY_DN1197_c1_g1_i1|+|36|0.0001331|1|953|1462|953[953]:1462[1462]:510[510]
157411	1129-327	0	2818	-1	490961at33208|TRINITY_DN37516_c0_g1_i1|-|70|7.747e-15|1|803|1129|1129[1129]:803[803]:327[327]
157582	131+780	0	4656	1	304388at33208|TRINITY_DN13696_c0_g1_i5|+|50|8.123e-09|1|131|910|131[131]:910[910]:780[780]
157749	2273+714	0	6333	1	304388at33208|TRINITY_DN6473_c0_g1_i2|+|36|0.0001331|1|2273|2986|2273[2273]:2986[2986]:714[714]
158000	1283+963	0	3769	1	304388at33208|TRINITY_DN2138_c0_g1_i1|+|44|5.199e-07|1|1283|2245|1283[1283]:2245[2245]:963[963]
158012	596+729	0	3467	1	359532at33208|TRINITY_DN2147_c0_g1_i2|+|66|1.239e-13|1|596|1324|596[596]:1324[1324]:729[729]
158175	1271-204	0	3909	-1	304388at33208|TRINITY_DN12033_c0_g1_i5|-|34|0.0005323|1|1068|1271|1271[1271]:1068[1068]:204[204]
158327	74+846	0	6099	1	359532at33208|TRINITY_DN28108_c0_g1_i2|+|96|1.154e-22|1|74|919|74[74]:919[919]:846[846]
158592	264+477	0	9382	1	304388at33208|TRINITY_DN14237_c0_g1_i7|+|57|6.346e-11|1|264|740|264[264]:740[740]:477[477]
158653	1344-837	0	11024	-1	304388at33208|TRINITY_DN8283_c0_g1_i1|-|68|3.099e-14|1|508|1344|1344[1344]:508[508]:837[837]
162067	96+1059	0	10606	1	304388at33208|TRINITY_DN7010_c0_g1_i3|+|55|2.538e-10|1|96|1154|96[96]:1154[1154]:1059[1059]
162155	3926-657	0	9610	-1	544849at33208|TRINITY_DN15200_c0_g1_i1|-|76|1.21e-16|1|3270|3926|3926[3926]:3270[3270]:657[657]
162172	1769-486	0	2308	-1	304388at33208|TRINITY_DN19758_c0_g1_i10|-|44|5.199e-07|1|1284|1769|1769[1769]:1284[1284]:486[486]
162172	1118-570	0	8442	-1	304388at33208|TRINITY_DN19758_c0_g1_i10|-|53|1.015e-09|1|549|1118|1118[1118]:549[549]:570[570]
162648	1844-618	0	2903	-1	304388at33208|TRINITY_DN651_c0_g1_i1|-|58|3.173e-11|1|1227|1844|1844[1844]:1227[1227]:618[618]
162693	1450-756	0	3467	-1	359532at33208|TRINITY_DN10445_c0_g1_i3|-|71|3.873e-15|1|695|1450|1450[1450]:695[695]:756[756]
162694	1936+783	0	3467	1	359532at33208|TRINITY_DN10469_c0_g1_i1|+|49|1.625e-08|1|1936|2718|1936[1936]:2718[2718]:783[783]
162899	1248-777	0	8963	-1	304388at33208|TRINITY_DN1479_c0_g1_i2|-|60|7.932e-12|1|472|1248|1248[1248]:472[472]:777[777]
163478	727-549	0	3524	-1	640187at33208|TRINITY_DN3325_c1_g1_i13|-|87|5.91e-20|1|179|727|727[727]:179[179]:549[549]
163683	44+780	0	7562	1	304388at33208|TRINITY_DN5619_c0_g1_i5|+|35|0.0002662|1|44|823|44[44]:823[823]:780[780]
163748	1999+261	0	10363	1	344346at33208|TRINITY_DN9992_c0_g1_i1|+|35|0.0002662|1|1999|2259|1999[1999]:2259[2259]:261[261]
163800	853+1176	0	2913	1	359532at33208|TRINITY_DN9844_c0_g1_i1|+|63|9.916e-13|1|853|2028|853[853]:2028[2028]:1176[1176]
164020	54+1134	0	7189	1	526839at33208|TRINITY_DN3273_c0_g1_i1|+|318|1.713e-89|1|54|1187|54[54]:1187[1187]:1134[1134]
164235	2742-762	0	316	-1	304388at33208|TRINITY_DN9526_c0_g1_i1|-|34|0.0005323|1|1981|2742|2742[2742]:1981[1981]:762[762]
164235	1872-702	0	11394	-1	304388at33208|TRINITY_DN9526_c0_g1_i1|-|42|2.079e-06|1|1171|1872|1872[1872]:1171[1171]:702[702]
164249	1093+249	0	2818	1	490961at33208|TRINITY_DN20974_c0_g1_i12|+|54|5.077e-10|1|1093|1341|1093[1093]:1341[1341]:249[249]
164320	1587-696	0	3467	-1	359532at33208|TRINITY_DN6737_c0_g1_i1|-|35|0.0002662|1|892|1587|1587[1587]:892[892]:696[696]
164366	241+735	0	11394	1	304388at33208|TRINITY_DN4200_c0_g1_i2|+|56|1.269e-10|1|241|975|241[241]:975[975]:735[735]
164484	930+510	0	746	1	544546at33208|TRINITY_DN1197_c1_g1_i4|+|36|0.0001331|1|930|1439|930[930]:1439[1439]:510[510]
164550	2572+2418	0	9788	1	344338at33208|TRINITY_DN6116_c0_g1_i2|+|265|1.543e-73|1|2572|4989|2572[2572]:4989[4989]:2418[2418]
164752	329+738	0	2527	1	557694at33208|TRINITY_DN26576_c0_g2_i1|+|35|0.0002662|1|329|1066|329[329]:1066[1066]:738[738]
164932	131+780	0	4656	1	304388at33208|TRINITY_DN13696_c0_g1_i6|+|50|8.123e-09|1|131|910|131[131]:910[910]:780[780]
165281	89+1260	0	6796	1	130256at33208|TRINITY_DN1801_c0_g1_i1|+|379|7.427e-108|1|89|1348|89[89]:1348[1348]:1260[1260]
165350	1283+963	0	3769	1	304388at33208|TRINITY_DN2138_c0_g1_i2|+|44|5.199e-07|1|1283|2245|1283[1283]:2245[2245]:963[963]
165362	596+729	0	3467	1	359532at33208|TRINITY_DN2147_c0_g1_i3|+|66|1.239e-13|1|596|1324|596[596]:1324[1324]:729[729]
165389	2727+1026	0	3467	1	359532at33208|TRINITY_DN18785_c1_g1_i1|+|221|2.714e-60|2|2727|3752|2727[2727]:3422[3422]:696[696]|3579[3579]:3752[3752]:174[174]
165546	1321-570	0	1302	-1	359532at33208|TRINITY_DN2428_c0_g1_i8|-|55|2.538e-10|1|752|1321|1321[1321]:752[752]:570[570]
165548	2307-840	0	9292	-1	304388at33208|TRINITY_DN2482_c0_g1_i1|-|51|4.061e-09|1|1468|2307|2307[2307]:1468[1468]:840[840]
165592	1906+774	0	3467	1	359532at33208|TRINITY_DN10353_c0_g1_i3|+|76|1.21e-16|1|1906|2679|1906[1906]:2679[2679]:774[774]
165942	1083+792	0	3755	1	304388at33208|TRINITY_DN14237_c0_g1_i8|+|60|7.932e-12|1|1083|1874|1083[1083]:1874[1874]:792[792]
166003	1306-837	0	11024	-1	304388at33208|TRINITY_DN8283_c0_g1_i2|-|68|3.099e-14|1|470|1306|1306[1306]:470[470]:837[837]
166258	603+696	0	10348	1	304388at33208|TRINITY_DN7146_c0_g1_i8|+|53|1.015e-09|1|603|1298|603[603]:1298[1298]:696[696]
166955	219+306	0	2818	1	490961at33208|TRINITY_DN18348_c0_g2_i1|+|55|2.538e-10|1|219|524|219[219]:524[524]:306[306]
166970	1677-477	0	9382	-1	304388at33208|TRINITY_DN2795_c0_g1_i4|-|49|1.625e-08|1|1201|1677|1677[1677]:1201[1201]:477[477]
167062	1034+549	0	6251	1	515425at33208|TRINITY_DN14672_c0_g1_i7|+|61|3.966e-12|1|1034|1582|1034[1034]:1582[1582]:549[549]
169417	549+636	0	7635	1	304388at33208|TRINITY_DN7010_c0_g1_i4|+|54|5.077e-10|1|549|1184|549[549]:1184[1184]:636[636]
169505	5274-657	0	9610	-1	544849at33208|TRINITY_DN15200_c0_g1_i15|-|76|1.21e-16|1|4618|5274|5274[5274]:4618[4618]:657[657]
169998	1596-618	0	2903	-1	304388at33208|TRINITY_DN651_c0_g1_i2|-|58|3.173e-11|1|979|1596|1596[1596]:979[979]:618[618]
170044	1936+783	0	3467	1	359532at33208|TRINITY_DN10469_c0_g1_i2|+|49|1.625e-08|1|1936|2718|1936[1936]:2718[2718]:783[783]
170082	1450-828	0	9292	-1	304388at33208|TRINITY_DN5974_c0_g1_i16|-|34|0.0005323|1|623|1450|1450[1450]:623[623]:828[828]
170249	1248-777	0	8963	-1	304388at33208|TRINITY_DN1479_c0_g1_i4|-|60|7.932e-12|1|472|1248|1248[1248]:472[472]:777[777]
170444	4370-765	0	4686	-1	304388at33208|TRINITY_DN20701_c0_g1_i1|-|35|0.0002662|1|3606|4370|4370[4370]:3606[3606]:765[765]
170444	1895-663	0	5172	-1	304388at33208|TRINITY_DN20701_c0_g1_i1|-|34|0.0005323|1|1233|1895|1895[1895]:1233[1233]:663[663]
170542	431+1416	0	4620	1	514727at33208|TRINITY_DN6837_c0_g1_i3|+|208|2.223e-56|1|431|1846|431[431]:1846[1846]:1416[1416]
170878	2264-552	0	1352	-1	601886at33208|TRINITY_DN2861_c0_g1_i3|-|36|0.0001331|1|1713|2264|2264[2264]:1713[1713]:552[552]
171098	3768+297	0	10363	1	344346at33208|TRINITY_DN9992_c0_g1_i11|+|36|0.0001331|1|3768|4064|3768[3768]:4064[4064]:297[297]
171150	853+1176	0	2913	1	359532at33208|TRINITY_DN9844_c0_g1_i2|+|63|9.916e-13|1|853|2028|853[853]:2028[2028]:1176[1176]
171166	2517-537	0	2308	-1	304388at33208|TRINITY_DN2932_c0_g1_i6|-|43|1.04e-06|1|1981|2517|2517[2517]:1981[1981]:537[537]
171585	2743-762	0	316	-1	304388at33208|TRINITY_DN9526_c0_g1_i2|-|34|0.0005323|1|1982|2743|2743[2743]:1982[1982]:762[762]
171585	1873-702	0	11394	-1	304388at33208|TRINITY_DN9526_c0_g1_i2|-|42|2.079e-06|1|1172|1873|1873[1873]:1172[1172]:702[702]
171599	999+249	0	2818	1	490961at33208|TRINITY_DN20974_c0_g1_i13|+|54|5.077e-10|1|999|1247|999[999]:1247[1247]:249[249]
171670	1588-696	0	3467	-1	359532at33208|TRINITY_DN6737_c0_g1_i2|-|35|0.0002662|1|893|1588|1588[1588]:893[893]:696[696]
171834	953+510	0	746	1	544546at33208|TRINITY_DN1197_c1_g1_i5|+|36|0.0001331|1|953|1462|953[953]:1462[1462]:510[510]
172102	1166+738	0	2527	1	557694at33208|TRINITY_DN26576_c0_g2_i6|+|35|0.0002662|1|1166|1903|1166[1166]:1903[1903]:738[738]
172631	89+1260	0	6796	1	130256at33208|TRINITY_DN1801_c0_g1_i2|+|379|7.427e-108|1|89|1348|89[89]:1348[1348]:1260[1260]
172712	596+729	0	3467	1	359532at33208|TRINITY_DN2147_c0_g1_i5|+|66|1.239e-13|1|596|1324|596[596]:1324[1324]:729[729]
172739	2727+891	0	3467	1	359532at33208|TRINITY_DN18785_c1_g1_i3|+|220|5.428e-60|1|2727|3617|2727[2727]:3617[3617]:891[891]
173027	74+846	0	6099	1	359532at33208|TRINITY_DN28108_c0_g1_i4|+|96|1.154e-22|1|74|919|74[74]:919[919]:846[846]
173330	1679-750	0	1056	-1	304388at33208|TRINITY_DN13047_c0_g1_i1|-|70|7.747e-15|1|930|1679|1679[1679]:930[930]:750[750]
173353	1208-837	0	11024	-1	304388at33208|TRINITY_DN8283_c0_g1_i3|-|68|3.099e-14|1|372|1208|1208[1208]:372[372]:837[837]
173608	603+696	0	10348	1	304388at33208|TRINITY_DN7146_c0_g1_i9|+|53|1.015e-09|1|603|1298|603[603]:1298[1298]:696[696]
173709	2328-681	0	2308	-1	304388at33208|TRINITY_DN21441_c0_g1_i1|-|61|3.966e-12|1|1648|2328|2328[2328]:1648[1648]:681[681]
173709	2169-798	0	3769	-1	304388at33208|TRINITY_DN21441_c0_g1_i1|-|53|1.015e-09|1|1372|2169|2169[2169]:1372[1372]:798[798]
173742	1+564	0	3524	1	640187at33208|TRINITY_DN28749_c0_g2_i2|+|65|2.479e-13|1|1|564|1[1]:564[564]:564[564]
174320	1677-477	0	9382	-1	304388at33208|TRINITY_DN2795_c0_g1_i5|-|49|1.625e-08|1|1201|1677|1677[1677]:1201[1201]:477[477]
174412	1011+540	0	6251	1	515425at33208|TRINITY_DN14672_c0_g1_i8|+|61|3.966e-12|1|1011|1550|1011[1011]:1550[1550]:540[540]
174852	1134-333	0	2818	-1	490961at33208|TRINITY_DN189432_c0_g1_i1|-|87|5.91e-20|1|802|1134|1134[1134]:802[802]:333[333]
176766	168+1059	0	10606	1	304388at33208|TRINITY_DN7010_c0_g1_i5|+|55|2.538e-10|1|168|1226|168[168]:1226[1226]:1059[1059]
177347	1843-618	0	2903	-1	304388at33208|TRINITY_DN651_c0_g1_i3|-|58|3.173e-11|1|1226|1843|1843[1843]:1226[1226]:618[618]
177393	1063+783	0	3467	1	359532at33208|TRINITY_DN10469_c0_g1_i3|+|49|1.625e-08|1|1063|1845|1063[1063]:1845[1845]:783[783]
177431	1257-828	0	9292	-1	304388at33208|TRINITY_DN5974_c0_g1_i3|-|34|0.0005323|1|430|1257|1257[1257]:430[430]:828[828]
177598	778-777	0	8963	-1	304388at33208|TRINITY_DN1479_c0_g1_i6|-|61|3.966e-12|1|2|778|778[778]:2[2]:777[777]
177793	1895-663	0	5172	-1	304388at33208|TRINITY_DN20701_c0_g1_i2|-|34|0.0005323|1|1233|1895|1895[1895]:1233[1233]:663[663]
177793	1022-603	0	7350	-1	608669at33208|TRINITY_DN20701_c0_g1_i2|-|36|0.0001331|1|420|1022|1022[1022]:420[420]:603[603]
177891	22+957	0	4620	1	514727at33208|TRINITY_DN6837_c0_g1_i5|+|166|9.778e-44|1|22|978|22[22]:978[978]:957[957]
178177	727-549	0	3524	-1	640187at33208|TRINITY_DN3325_c1_g1_i16|-|87|5.91e-20|1|179|727|727[727]:179[179]:549[549]
178446	1255-846	0	11048	-1	304388at33208|TRINITY_DN9948_c0_g1_i1|-|63|9.916e-13|1|410|1255|1255[1255]:410[410]:846[846]
178447	4720+297	0	10363	1	344346at33208|TRINITY_DN9992_c0_g1_i14|+|36|0.0001331|1|4720|5016|4720[4720]:5016[5016]:297[297]
178934	2742-762	0	316	-1	304388at33208|TRINITY_DN9526_c0_g1_i3|-|34|0.0005323|1|1981|2742|2742[2742]:1981[1981]:762[762]
178934	1872-702	0	11394	-1	304388at33208|TRINITY_DN9526_c0_g1_i3|-|42|2.079e-06|1|1171|1872|1872[1872]:1171[1171]:702[702]
178948	734+249	0	2818	1	490961at33208|TRINITY_DN20974_c0_g1_i2|+|52|2.031e-09|1|734|982|734[734]:982[982]:249[249]
179019	1594-696	0	3467	-1	359532at33208|TRINITY_DN6737_c0_g1_i3|-|35|0.0002662|1|899|1594|1594[1594]:899[899]:696[696]
179183	907+492	0	746	1	544546at33208|TRINITY_DN1197_c1_g1_i9|+|34|0.0005323|1|907|1398|907[907]:1398[1398]:492[492]
179980	269+846	0	11586	1	130256at33208|TRINITY_DN1801_c0_g1_i3|+|241|2.588e-66|1|269|1114|269[269]:1114[1114]:846[846]
180050	55+1599	0	1324	1	344346at33208|TRINITY_DN2131_c0_g1_i1|+|167|4.889e-44|1|55|1653|55[55]:1653[1653]:1599[1599]
180061	596+729	0	3467	1	359532at33208|TRINITY_DN2147_c0_g1_i6|+|66|1.239e-13|1|596|1324|596[596]:1324[1324]:729[729]
180291	1950+774	0	3467	1	359532at33208|TRINITY_DN10353_c0_g1_i7|+|76|1.21e-16|1|1950|2723|1950[1950]:2723[2723]:774[774]
180679	1785-750	0	1056	-1	304388at33208|TRINITY_DN13047_c0_g1_i11|-|70|7.747e-15|1|1036|1785|1785[1785]:1036[1036]:750[750]
180702	1305-837	0	11024	-1	304388at33208|TRINITY_DN8283_c0_g1_i6|-|68|3.099e-14|1|469|1305|1305[1305]:469[469]:837[837]
180710	479+798	0	3467	1	359532at33208|TRINITY_DN8273_c0_g1_i10|+|65|2.479e-13|1|479|1276|479[479]:1276[1276]:798[798]
181058	2109-738	0	3769	-1	304388at33208|TRINITY_DN21441_c0_g1_i2|-|42|2.079e-06|1|1372|2109|2109[2109]:1372[1372]:738[738]
181109	606+1296	0	6855	1	514727at33208|TRINITY_DN3797_c0_g1_i1|+|102|1.804e-24|1|606|1901|606[606]:1901[1901]:1296[1296]
181800	3311+813	0	10338	1	304388at33208|TRINITY_DN6284_c0_g1_i2|+|45|2.599e-07|1|3311|4123|3311[3311]:4123[4123]:813[813]
184115	549+636	0	7635	1	304388at33208|TRINITY_DN7010_c0_g1_i6|+|54|5.077e-10|1|549|1184|549[549]:1184[1184]:636[636]
184220	1513-468	0	7635	-1	304388at33208|TRINITY_DN19758_c0_g1_i19|-|45|2.599e-07|1|1046|1513|1513[1513]:1046[1046]:468[468]
184220	1009-498	0	8442	-1	304388at33208|TRINITY_DN19758_c0_g1_i19|-|50|8.123e-09|1|512|1009|1009[1009]:512[512]:498[498]
184696	1596-618	0	2903	-1	304388at33208|TRINITY_DN651_c0_g1_i4|-|58|3.173e-11|1|979|1596|1596[1596]:979[979]:618[618]
184780	1257-828	0	9292	-1	304388at33208|TRINITY_DN5974_c0_g1_i5|-|34|0.0005323|1|430|1257|1257[1257]:430[430]:828[828]
184947	989-777	0	8963	-1	304388at33208|TRINITY_DN1479_c0_g1_i7|-|60|7.932e-12|1|213|989|989[989]:213[213]:777[777]
184953	2393-246	0	7413	-1	304388at33208|TRINITY_DN1498_c0_g1_i1|-|36|0.0001331|1|2148|2393|2393[2393]:2148[2148]:246[246]
184953	1763-906	0	8963	-1	304388at33208|TRINITY_DN1498_c0_g1_i1|-|68|3.099e-14|1|858|1763|1763[1763]:858[858]:906[906]
185056	1045+753	0	3467	1	359532at33208|TRINITY_DN24778_c0_g1_i12|+|59|1.586e-11|1|1045|1797|1045[1045]:1797[1797]:753[753]
185142	1895-663	0	5172	-1	304388at33208|TRINITY_DN20701_c0_g1_i5|-|34|0.0005323|1|1233|1895|1895[1895]:1233[1233]:663[663]
185142	1022-603	0	7350	-1	608669at33208|TRINITY_DN20701_c0_g1_i5|-|36|0.0001331|1|420|1022|1022[1022]:420[420]:603[603]
185182	365-258	0	3763	-1	642552at33208|TRINITY_DN2345_c0_g1_i1|-|58|3.173e-11|1|108|365|365[365]:108[108]:258[258]
185526	727-549	0	3524	-1	640187at33208|TRINITY_DN3325_c1_g1_i2|-|87|5.91e-20|1|179|727|727[727]:179[179]:549[549]
185796	1999+297	0	10363	1	344346at33208|TRINITY_DN9992_c0_g1_i3|+|36|0.0001331|1|1999|2295|1999[1999]:2295[2295]:297[297]
186086	274+1056	0	2956	1	304388at33208|TRINITY_DN1686_c0_g1_i1|+|81|3.783e-18|1|274|1329|274[274]:1329[1329]:1056[1056]
186821	1014-348	0	3909	-1	304388at33208|TRINITY_DN20026_c0_g1_i1|-|37|6.654e-05|1|667|1014|1014[1014]:667[667]:348[348]
186955	2665+825	0	3467	1	359532at33208|TRINITY_DN4097_c1_g1_i1|+|48|3.249e-08|1|2665|3489|2665[2665]:3489[3489]:825[825]
187165	1433-711	0	3467	-1	359532at33208|TRINITY_DN5827_c1_g1_i1|-|47|6.498e-08|1|723|1433|1433[1433]:723[723]:711[711]
187437	2727+696	0	3467	1	359532at33208|TRINITY_DN18785_c1_g1_i5|+|177|4.774e-47|1|2727|3422|2727[2727]:3422[3422]:696[696]
187596	2312-840	0	9292	-1	304388at33208|TRINITY_DN2482_c0_g1_i5|-|51|4.061e-09|1|1473|2312|2312[2312]:1473[1473]:840[840]
187865	2085-300	0	10824	-1	304388at33208|TRINITY_DN7560_c0_g1_i11|-|49|1.625e-08|1|1786|2085|2085[2085]:1786[1786]:300[300]
188028	1775-750	0	1056	-1	304388at33208|TRINITY_DN13047_c0_g1_i3|-|70|7.747e-15|1|1026|1775|1775[1775]:1026[1026]:750[750]
188059	479+798	0	3467	1	359532at33208|TRINITY_DN8273_c0_g1_i12|+|65|2.479e-13|1|479|1276|479[479]:1276[1276]:798[798]
188206	2359+798	0	9174	1	130256at33208|TRINITY_DN5501_c0_g1_i1|+|100|7.215e-24|1|2359|3156|2359[2359]:3156[3156]:798[798]
188354	551+474	0	9382	1	304388at33208|TRINITY_DN10974_c0_g1_i4|+|68|3.099e-14|1|551|1024|551[551]:1024[1024]:474[474]
188363	232+705	0	1155	1	304388at33208|TRINITY_DN10922_c0_g1_i1|+|78|3.026e-17|1|232|936|232[232]:936[936]:705[705]
188432	1456+570	0	2308	1	304388at33208|TRINITY_DN1389_c2_g1_i1|+|44|5.199e-07|1|1456|2025|1456[1456]:2025[2025]:570[570]
188458	301+867	0	3467	1	359532at33208|TRINITY_DN3767_c0_g1_i1|+|71|3.873e-15|1|301|1167|301[301]:1167[1167]:867[867]
188470	1807-729	0	3349	-1	557694at33208|TRINITY_DN16177_c0_g1_i10|-|34|0.0005323|1|1079|1807|1807[1807]:1079[1079]:729[729]
189087	457+837	0	11394	1	304388at33208|TRINITY_DN7785_c0_g1_i2|+|38|3.327e-05|1|457|1293|457[457]:1293[1293]:837[837]
189149	3311+813	0	10338	1	304388at33208|TRINITY_DN6284_c0_g1_i3|+|45|2.599e-07|1|3311|4123|3311[3311]:4123[4123]:813[813]
191150	1418+831	0	3001	1	304388at33208|TRINITY_DN15862_c0_g1_i1|+|83|9.456e-19|1|1418|2248|1418[1418]:2248[2248]:831[831]
191464	549+636	0	7635	1	304388at33208|TRINITY_DN7010_c0_g1_i8|+|54|5.077e-10|1|549|1184|549[549]:1184[1184]:636[636]
191569	1543-891	0	6892	-1	304388at33208|TRINITY_DN19758_c0_g1_i2|-|51|4.061e-09|1|653|1543|1543[1543]:653[653]:891[891]
191569	1540-495	0	7635	-1	304388at33208|TRINITY_DN19758_c0_g1_i2|-|45|2.599e-07|1|1046|1540|1540[1540]:1046[1046]:495[495]
191846	1101-771	0	3467	-1	359532at33208|TRINITY_DN19450_c0_g1_i1|-|60|7.932e-12|1|331|1101|1101[1101]:331[331]:771[771]
192296	1313-777	0	8963	-1	304388at33208|TRINITY_DN1479_c0_g1_i8|-|60|7.932e-12|1|537|1313|1313[1313]:537[537]:777[777]
192302	2135-246	0	7413	-1	304388at33208|TRINITY_DN1498_c0_g1_i7|-|36|0.0001331|1|1890|2135|2135[2135]:1890[1890]:246[246]
192302	1505-906	0	8963	-1	304388at33208|TRINITY_DN1498_c0_g1_i7|-|68|3.099e-14|1|600|1505|1505[1505]:600[600]:906[906]
192421	851+900	0	2956	1	304388at33208|TRINITY_DN3579_c0_g1_i1|+|66|1.239e-13|1|851|1750|851[851]:1750[1750]:900[900]
192491	4370-765	0	4686	-1	304388at33208|TRINITY_DN20701_c0_g1_i6|-|35|0.0002662|1|3606|4370|4370[4370]:3606[3606]:765[765]
192491	1895-663	0	5172	-1	304388at33208|TRINITY_DN20701_c0_g1_i6|-|34|0.0005323|1|1233|1895|1895[1895]:1233[1233]:663[663]
192531	246+258	0	3763	1	642552at33208|TRINITY_DN2345_c0_g2_i1|+|58|3.173e-11|1|246|503|246[246]:503[503]:258[258]
193435	274+1056	0	2956	1	304388at33208|TRINITY_DN1686_c0_g1_i3|+|81|3.783e-18|1|274|1329|274[274]:1329[1329]:1056[1056]
193709	4550-822	0	2490	-1	304388at33208|TRINITY_DN1593_c0_g1_i1|-|59|1.586e-11|1|3729|4550|4550[4550]:3729[3729]:822[822]
193947	2572+2418	0	9788	1	344338at33208|TRINITY_DN6116_c0_g1_i6|+|265|1.543e-73|1|2572|4989|2572[2572]:4989[4989]:2418[2418]
194170	1371-837	0	502	-1	304388at33208|TRINITY_DN20026_c0_g1_i3|-|49|1.625e-08|1|535|1371|1371[1371]:535[535]:837[837]
194290	1696-975	0	10561	-1	556039at33208|TRINITY_DN4020_c0_g1_i1|-|316|6.851e-89|1|722|1696|1696[1696]:722[722]:975[975]
194304	2665+825	0	3467	1	359532at33208|TRINITY_DN4097_c1_g1_i13|+|48|3.249e-08|1|2665|3489|2665[2665]:3489[3489]:825[825]
194514	1717-711	0	3467	-1	359532at33208|TRINITY_DN5827_c1_g1_i2|-|47|6.498e-08|1|1007|1717|1717[1717]:1007[1007]:711[711]
194945	2307-840	0	9292	-1	304388at33208|TRINITY_DN2482_c0_g1_i7|-|51|4.061e-09|1|1468|2307|2307[2307]:1468[1468]:840[840]
195153	1253-612	0	4869	-1	304388at33208|TRINITY_DN11191_c0_g1_i12|-|34|0.0005323|1|642|1253|1253[1253]:642[642]:612[612]
195214	2085-300	0	10824	-1	304388at33208|TRINITY_DN7560_c0_g1_i14|-|49|1.625e-08|1|1786|2085|2085[2085]:1786[1786]:300[300]
195377	1779-750	0	1056	-1	304388at33208|TRINITY_DN13047_c0_g1_i4|-|70|7.747e-15|1|1030|1779|1779[1779]:1030[1030]:750[750]
195408	116+798	0	3467	1	359532at33208|TRINITY_DN8273_c0_g1_i2|+|65|2.479e-13|1|116|913|116[116]:913[913]:798[798]
195555	605+798	0	9174	1	130256at33208|TRINITY_DN5501_c0_g1_i2|+|100|7.215e-24|1|605|1402|605[605]:1402[1402]:798[798]
195703	551+474	0	9382	1	304388at33208|TRINITY_DN10974_c0_g1_i5|+|68|3.099e-14|1|551|1024|551[551]:1024[1024]:474[474]
195705	5372-708	0	3467	-1	359532at33208|TRINITY_DN10917_c0_g1_i2|-|70|7.747e-15|1|4665|5372|5372[5372]:4665[4665]:708[708]
195712	232+705	0	1155	1	304388at33208|TRINITY_DN10922_c0_g1_i2|+|78|3.026e-17|1|232|936|232[232]:936[936]:705[705]
196436	457+837	0	11394	1	304388at33208|TRINITY_DN7785_c0_g1_i4|+|38|3.327e-05|1|457|1293|457[457]:1293[1293]:837[837]
196498	3311+813	0	10338	1	304388at33208|TRINITY_DN6284_c0_g1_i7|+|45|2.599e-07|1|3311|4123|3311[3311]:4123[4123]:813[813]
198918	1543-891	0	6892	-1	304388at33208|TRINITY_DN19758_c0_g1_i5|-|51|4.061e-09|1|653|1543|1543[1543]:653[653]:891[891]
198918	1540-495	0	7635	-1	304388at33208|TRINITY_DN19758_c0_g1_i5|-|45|2.599e-07|1|1046|1540|1540[1540]:1046[1046]:495[495]
199754	1441+753	0	3467	1	359532at33208|TRINITY_DN24778_c0_g1_i4|+|59|1.586e-11|1|1441|2193|1441[1441]:2193[2193]:753[753]
199770	851+900	0	2956	1	304388at33208|TRINITY_DN3579_c0_g1_i2|+|66|1.239e-13|1|851|1750|851[851]:1750[1750]:900[900]
199840	4370-765	0	4686	-1	304388at33208|TRINITY_DN20701_c0_g1_i9|-|35|0.0002662|1|3606|4370|4370[4370]:3606[3606]:765[765]
199840	1895-663	0	5172	-1	304388at33208|TRINITY_DN20701_c0_g1_i9|-|34|0.0005323|1|1233|1895|1895[1895]:1233[1233]:663[663]
200494	366+297	0	10363	1	344346at33208|TRINITY_DN9992_c0_g1_i9|+|36|0.0001331|1|366|662|366[366]:662[662]:297[297]
200784	274+1056	0	2956	1	304388at33208|TRINITY_DN1686_c0_g1_i4|+|81|3.783e-18|1|274|1329|274[274]:1329[1329]:1056[1056]
201019	536+402	0	503	1	304388at33208|TRINITY_DN3879_c0_g1_i2|+|35|0.0002662|1|536|937|536[536]:937[937]:402[402]
201019	1148+666	0	7145	1	304388at33208|TRINITY_DN3879_c0_g1_i2|+|40|8.318e-06|1|1148|1813|1148[1148]:1813[1813]:666[666]
201112	883-486	0	3546	-1	304388at33208|TRINITY_DN4271_c0_g1_i1|-|42|2.079e-06|1|398|883|883[883]:398[398]:486[486]
201539	1170+813	0	10571	1	304388at33208|TRINITY_DN19380_c0_g1_i12|+|62|1.983e-12|1|1170|1982|1170[1170]:1982[1982]:813[813]
201639	1711-975	0	10561	-1	556039at33208|TRINITY_DN4020_c0_g1_i10|-|316|6.851e-89|1|737|1711|1711[1711]:737[737]:975[975]
201653	2525+825	0	3467	1	359532at33208|TRINITY_DN4097_c1_g1_i9|+|48|3.249e-08|1|2525|3349|2525[2525]:3349[3349]:825[825]
201863	1736-711	0	3467	-1	359532at33208|TRINITY_DN5827_c1_g1_i5|-|47|6.498e-08|1|1026|1736|1736[1736]:1026[1026]:711[711]
202097	49+1962	0	490	1	344346at33208|TRINITY_DN2131_c0_g1_i12|+|224|3.392e-61|1|49|2010|49[49]:2010[2010]:1962[1962]
202502	1218-612	0	4869	-1	304388at33208|TRINITY_DN11191_c0_g1_i2|-|34|0.0005323|1|607|1218|1218[1218]:607[607]:612[612]
202563	2112-300	0	10824	-1	304388at33208|TRINITY_DN7560_c0_g1_i15|-|49|1.625e-08|1|1813|2112|2112[2112]:1813[1813]:300[300]
202757	67+798	0	3467	1	359532at33208|TRINITY_DN8273_c0_g1_i3|+|65|2.479e-13|1|67|864|67[67]:864[864]:798[798]
202904	2491+798	0	9174	1	130256at33208|TRINITY_DN5501_c0_g1_i4|+|100|7.215e-24|1|2491|3288|2491[2491]:3288[3288]:798[798]
203054	5372-708	0	3467	-1	359532at33208|TRINITY_DN10917_c0_g1_i4|-|70|7.747e-15|1|4665|5372|5372[5372]:4665[4665]:708[708]
203061	232+705	0	1155	1	304388at33208|TRINITY_DN10922_c0_g1_i3|+|78|3.026e-17|1|232|936|232[232]:936[936]:705[705]
203444	76+1395	0	7128	1	157138at33208|TRINITY_DN9040_c0_g1_i1|+|107|5.636e-26|1|76|1470|76[76]:1470[1470]:1395[1395]
205441	47+753	0	3467	1	359532at33208|TRINITY_DN188719_c0_g1_i1|+|52|2.031e-09|1|47|799|47[47]:799[799]:753[753]
205848	142+489	0	2388	1	304388at33208|TRINITY_DN15862_c0_g1_i7|+|55|2.538e-10|1|142|630|142[142]:630[630]:489[489]
206267	917-498	0	8442	-1	304388at33208|TRINITY_DN19758_c0_g1_i8|-|51|4.061e-09|1|420|917|917[917]:420[420]:498[498]
206544	1101-771	0	3467	-1	359532at33208|TRINITY_DN19450_c0_g1_i7|-|60|7.932e-12|1|331|1101|1101[1101]:331[331]:771[771]
206856	149+744	0	7955	1	304388at33208|TRINITY_DN24982_c0_g1_i1|+|46|1.3e-07|1|149|892|149[149]:892[892]:744[744]
207205	1258-804	0	3467	-1	359532at33208|TRINITY_DN12749_c0_g1_i1|-|51|4.061e-09|1|455|1258|1258[1258]:455[455]:804[804]
207214	2639-696	0	3467	-1	359532at33208|TRINITY_DN56619_c0_g1_i2|-|59|1.586e-11|1|1944|2639|2639[2639]:1944[1944]:696[696]
207573	727-549	0	3524	-1	640187at33208|TRINITY_DN3325_c1_g1_i7|-|87|5.91e-20|1|179|727|727[727]:179[179]:549[549]
207963	2646-804	0	1580	-1	304388at33208|TRINITY_DN6052_c0_g1_i16|-|34|0.0005323|1|1843|2646|2646[2646]:1843[1843]:804[804]
208133	274+1056	0	2956	1	304388at33208|TRINITY_DN1686_c0_g1_i8|+|81|3.783e-18|1|274|1329|274[274]:1329[1329]:1056[1056]
208368	536+402	0	503	1	304388at33208|TRINITY_DN3879_c0_g1_i3|+|35|0.0002662|1|536|937|536[536]:937[937]:402[402]
208368	1148+666	0	7145	1	304388at33208|TRINITY_DN3879_c0_g1_i3|+|40|8.318e-06|1|1148|1813|1148[1148]:1813[1813]:666[666]
208407	4641-822	0	2490	-1	304388at33208|TRINITY_DN1593_c0_g1_i13|-|59|1.586e-11|1|3820|4641|4641[4641]:3820[3820]:822[822]
208461	1409-486	0	3546	-1	304388at33208|TRINITY_DN4271_c0_g1_i2|-|42|2.079e-06|1|924|1409|1409[1409]:924[924]:486[486]
208988	1710-975	0	10561	-1	556039at33208|TRINITY_DN4020_c0_g1_i11|-|316|6.851e-89|1|736|1710|1710[1710]:736[736]:975[975]
209212	1718-711	0	3467	-1	359532at33208|TRINITY_DN5827_c1_g1_i6|-|47|6.498e-08|1|1008|1718|1718[1718]:1008[1008]:711[711]
209503	179+531	0	6822	1	577929at33208|TRINITY_DN21200_c0_g1_i1|+|218|2.171e-59|1|179|709|179[179]:709[709]:531[531]
209608	178+567	0	2308	1	304388at33208|TRINITY_DN1251_c0_g1_i3|+|64|4.958e-13|1|178|744|178[178]:744[744]:567[567]
209703	814-522	0	2308	-1	304388at33208|TRINITY_DN24934_c0_g1_i1|-|38|3.327e-05|1|293|814|814[814]:293[293]:522[522]
209851	1253-612	0	4869	-1	304388at33208|TRINITY_DN11191_c0_g1_i4|-|34|0.0005323|1|642|1253|1253[1253]:642[642]:612[612]
210071	848+807	0	396	1	304388at33208|TRINITY_DN13034_c0_g1_i1|+|61|3.966e-12|1|848|1654|848[848]:1654[1654]:807[807]
210149	1254-999	0	8705	-1	359532at33208|TRINITY_DN12677_c0_g1_i5|-|36|0.0001331|1|256|1254|1254[1254]:256[256]:999[999]
210579	1181-897	0	2939	-1	359532at33208|TRINITY_DN14836_c0_g1_i1|-|69|1.549e-14|1|285|1181|1181[1181]:285[285]:897[897]
210793	76+1242	0	7128	1	157138at33208|TRINITY_DN9040_c0_g1_i3|+|106|1.127e-25|1|76|1317|76[76]:1317[1317]:1242[1242]
213197	1418+831	0	3001	1	304388at33208|TRINITY_DN15862_c0_g1_i9|+|83|9.456e-19|1|1418|2248|1418[1418]:2248[2248]:831[831]
213469	1218-750	0	8647	-1	359532at33208|TRINITY_DN1784_c0_g1_i2|-|38|3.327e-05|1|469|1218|1218[1218]:469[469]:750[750]
213599	4362-657	0	9610	-1	544849at33208|TRINITY_DN15200_c0_g1_i6|-|76|1.21e-16|1|3706|4362|4362[4362]:3706[3706]:657[657]
213616	1004-498	0	8442	-1	304388at33208|TRINITY_DN19758_c0_g1_i9|-|50|8.123e-09|1|507|1004|1004[1004]:507[507]:498[498]
213768	2647+729	0	3769	1	304388at33208|TRINITY_DN8480_c0_g1_i12|+|65|2.479e-13|1|2647|3375|2647[2647]:3375[3375]:729[729]
214205	149+744	0	7955	1	304388at33208|TRINITY_DN24982_c0_g1_i2|+|46|1.3e-07|1|149|892|149[149]:892[892]:744[744]
214922	727-549	0	3524	-1	640187at33208|TRINITY_DN3325_c1_g1_i8|-|87|5.91e-20|1|179|727|727[727]:179[179]:549[549]
215077	1232-699	0	5751	-1	556039at33208|TRINITY_DN27984_c0_g1_i1|-|350|3.988e-99|1|534|1232|1232[1232]:534[534]:699[699]
215208	822+759	0	11239	1	304388at33208|TRINITY_DN2551_c0_g1_i1|+|68|3.099e-14|1|822|1580|822[822]:1580[1580]:759[759]
215474	53+326	0	6088	1	642552at33208|TRINITY_DN3242_c0_g1_i1|+|91|3.694e-21|2|53|378|53[53]:226[226]:174[174]|238[238]:378[378]:141[141]
215756	4641-822	0	2490	-1	304388at33208|TRINITY_DN1593_c0_g1_i14|-|59|1.586e-11|1|3820|4641|4641[4641]:3820[3820]:822[822]
215810	1610-660	0	7308	-1	304388at33208|TRINITY_DN4271_c0_g1_i5|-|44|5.199e-07|1|951|1610|1610[1610]:951[951]:660[660]
216237	1757+813	0	10571	1	304388at33208|TRINITY_DN19380_c0_g1_i5|+|62|1.983e-12|1|1757|2569|1757[1757]:2569[2569]:813[813]
216337	1695-975	0	10561	-1	556039at33208|TRINITY_DN4020_c0_g1_i12|-|316|6.851e-89|1|721|1695|1695[1695]:721[721]:975[975]
216450	2544-363	0	6400	-1	304388at33208|TRINITY_DN13202_c0_g1_i10|-|45|2.599e-07|1|2182|2544|2544[2544]:2182[2182]:363[363]
216528	413+732	0	5172	1	304388at33208|TRINITY_DN6457_c0_g1_i2|+|46|1.3e-07|1|413|1144|413[413]:1144[1144]:732[732]
216957	178+567	0	2308	1	304388at33208|TRINITY_DN1251_c0_g1_i4|+|64|4.958e-13|1|178|744|178[178]:744[744]:567[567]
217052	1236-1017	0	8537	-1	304388at33208|TRINITY_DN24934_c0_g1_i2|-|48|3.249e-08|1|220|1236|1236[1236]:220[220]:1017[1017]
217200	1253-612	0	4869	-1	304388at33208|TRINITY_DN11191_c0_g1_i5|-|34|0.0005323|1|642|1253|1253[1253]:642[642]:612[612]
217420	848+807	0	396	1	304388at33208|TRINITY_DN13034_c0_g1_i10|+|61|3.966e-12|1|848|1654|848[848]:1654[1654]:807[807]
217498	1254-999	0	8705	-1	359532at33208|TRINITY_DN12677_c0_g1_i6|-|36|0.0001331|1|256|1254|1254[1254]:256[256]:999[999]
217860	1172-537	0	2308	-1	304388at33208|TRINITY_DN3753_c0_g1_i5|-|40|8.318e-06|1|636|1172|1172[1172]:636[636]:537[537]
217928	1196-912	0	684	-1	359532at33208|TRINITY_DN14836_c0_g1_i2|-|72|1.937e-15|1|285|1196|1196[1196]:285[285]:912[912]
218142	76+1239	0	7128	1	157138at33208|TRINITY_DN9040_c0_g1_i4|+|104|4.509e-25|1|76|1314|76[76]:1314[1314]:1239[1239]
220929	1382-516	0	503	-1	304388at33208|TRINITY_DN257_c0_g1_i1|-|36|0.0001331|1|867|1382|1382[1382]:867[867]:516[516]
220948	1144-657	0	9610	-1	544849at33208|TRINITY_DN15200_c0_g1_i7|-|76|1.21e-16|1|488|1144|1144[1144]:488[488]:657[657]
222312	2286-927	0	1759	-1	304388at33208|TRINITY_DN2801_c0_g1_i1|-|43|1.04e-06|1|1360|2286|2286[2286]:1360[1360]:927[927]
222557	782+759	0	11239	1	304388at33208|TRINITY_DN2551_c0_g1_i2|+|68|3.099e-14|1|782|1540|782[782]:1540[1540]:759[759]
222661	2612-804	0	1580	-1	304388at33208|TRINITY_DN6052_c0_g1_i33|-|34|0.0005323|1|1809|2612|2612[2612]:1809[1809]:804[804]
222770	1815-1803	0	9788	-1	344338at33208|TRINITY_DN40113_c0_g1_i1|-|218|2.171e-59|1|13|1815|1815[1815]:13[13]:1803[1803]
222823	217+294	0	6088	1	642552at33208|TRINITY_DN3242_c0_g1_i2|+|141|3.281e-36|1|217|510|217[217]:510[510]:294[294]
223105	4550-822	0	2490	-1	304388at33208|TRINITY_DN1593_c0_g1_i4|-|59|1.586e-11|1|3729|4550|4550[4550]:3729[3729]:822[822]
223110	1180-705	0	7574	-1	304388at33208|TRINITY_DN6744_c0_g1_i9|-|39|1.664e-05|1|476|1180|1180[1180]:476[476]:705[705]
223135	346+879	0	1164	1	359532at33208|TRINITY_DN4672_c0_g1_i1|+|59|1.586e-11|1|346|1224|346[346]:1224[1224]:879[879]
223159	1409-486	0	3546	-1	304388at33208|TRINITY_DN4271_c0_g1_i7|-|42|2.079e-06|1|924|1409|1409[1409]:924[924]:486[486]
223586	1170+813	0	10571	1	304388at33208|TRINITY_DN19380_c0_g1_i6|+|62|1.983e-12|1|1170|1982|1170[1170]:1982[1982]:813[813]
223686	1714-975	0	10561	-1	556039at33208|TRINITY_DN4020_c0_g1_i5|-|316|6.851e-89|1|740|1714|1714[1714]:740[740]:975[975]
223723	218+525	0	2596	1	304388at33208|TRINITY_DN13699_c0_g1_i1|+|50|8.123e-09|1|218|742|218[218]:742[742]:525[525]
223799	774-525	0	10490	-1	304388at33208|TRINITY_DN13202_c0_g1_i12|-|40|8.318e-06|1|250|774|774[774]:250[250]:525[525]
224144	49+1962	0	490	1	344346at33208|TRINITY_DN2131_c0_g1_i7|+|226|8.481e-62|1|49|2010|49[49]:2010[2010]:1962[1962]
224533	561+804	0	9797	1	359532at33208|TRINITY_DN92387_c0_g1_i1|+|46|1.3e-07|1|561|1364|561[561]:1364[1364]:804[804]
224610	2112-300	0	10824	-1	304388at33208|TRINITY_DN7560_c0_g1_i22|-|49|1.625e-08|1|1813|2112|2112[2112]:1813[1813]:300[300]
224769	848+807	0	396	1	304388at33208|TRINITY_DN13034_c0_g1_i2|+|61|3.966e-12|1|848|1654|848[848]:1654[1654]:807[807]
225209	806-537	0	2308	-1	304388at33208|TRINITY_DN3753_c0_g1_i6|-|40|8.318e-06|1|270|806|806[806]:270[270]:537[537]
225215	1807-729	0	3349	-1	557694at33208|TRINITY_DN16177_c0_g1_i9|-|34|0.0005323|1|1079|1807|1807[1807]:1079[1079]:729[729]
225524	3025+735	0	3467	1	359532at33208|TRINITY_DN18956_c0_g1_i1|+|41|4.159e-06|1|3025|3759|3025[3025]:3759[3759]:735[735]
225712	4137-903	0	2111	-1	304388at33208|TRINITY_DN16394_c0_g1_i13|-|38|3.327e-05|1|3235|4137|4137[4137]:3235[3235]:903[903]
228278	1293-516	0	503	-1	304388at33208|TRINITY_DN257_c0_g1_i2|-|36|0.0001331|1|778|1293|1293[1293]:778[778]:516[516]
228323	1553+2163	0	9788	1	344338at33208|TRINITY_DN13318_c1_g1_i10|+|211|2.779e-57|1|1553|3715|1553[1553]:3715[3715]:2163[2163]
228539	1561+417	0	7635	1	304388at33208|TRINITY_DN18006_c0_g1_i3|+|46|1.3e-07|1|1561|1977|1561[1561]:1977[1977]:417[417]
228550	1558-759	0	3467	-1	359532at33208|TRINITY_DN17208_c1_g1_i11|-|165|1.956e-43|1|800|1558|1558[1558]:800[800]:759[759]
228724	1162-747	0	5172	-1	304388at33208|TRINITY_DN13955_c0_g1_i2|-|38|3.327e-05|1|416|1162|1162[1162]:416[416]:747[747]
229660	1030-822	0	3903	-1	304388at33208|TRINITY_DN2836_c0_g1_i1|-|80|7.565e-18|1|209|1030|1030[1030]:209[209]:822[822]
229661	2286-927	0	1759	-1	304388at33208|TRINITY_DN2801_c0_g1_i2|-|46|1.3e-07|1|1360|2286|2286[2286]:1360[1360]:927[927]
229906	782+759	0	11239	1	304388at33208|TRINITY_DN2551_c0_g1_i3|+|68|3.099e-14|1|782|1540|782[782]:1540[1540]:759[759]
229913	1374-1062	0	4590	-1	130256at33208|TRINITY_DN2575_c0_g1_i2|-|486|4.578e-140|1|313|1374|1374[1374]:313[313]:1062[1062]
230098	6059-2496	0	9788	-1	344338at33208|TRINITY_DN3123_c0_g1_i17|-|242|1.294e-66|1|3564|6059|6059[6059]:3564[3564]:2496[2496]
230172	212+294	0	6088	1	642552at33208|TRINITY_DN3242_c0_g1_i3|+|142|1.64e-36|1|212|505|212[212]:505[505]:294[294]
230484	123+1011	0	7475	1	359532at33208|TRINITY_DN4672_c0_g1_i2|+|52|2.031e-09|1|123|1133|123[123]:1133[1133]:1011[1011]
231035	785-750	0	10561	-1	556039at33208|TRINITY_DN4020_c0_g1_i6|-|239|1.035e-65|1|36|785|785[785]:36[36]:750[750]
231072	218+525	0	2596	1	304388at33208|TRINITY_DN13699_c0_g1_i2|+|50|8.123e-09|1|218|742|218[218]:742[742]:525[525]
231493	49+1962	0	490	1	344346at33208|TRINITY_DN2131_c0_g1_i8|+|226|8.481e-62|1|49|2010|49[49]:2010[2010]:1962[1962]
231699	600+783	0	3755	1	304388at33208|TRINITY_DN2448_c0_g2_i1|+|87|5.91e-20|1|600|1382|600[600]:1382[1382]:783[783]
231750	1236-1017	0	8537	-1	304388at33208|TRINITY_DN24934_c0_g1_i5|-|48|3.249e-08|1|220|1236|1236[1236]:220[220]:1017[1017]
231956	869+825	0	3111	1	304388at33208|TRINITY_DN7526_c0_g1_i1|+|42|2.079e-06|1|869|1693|869[869]:1693[1693]:825[825]
231956	1901+246	0	3909	1	304388at33208|TRINITY_DN7526_c0_g1_i1|+|45|2.599e-07|1|1901|2146|1901[1901]:2146[2146]:246[246]
231959	2085-300	0	10824	-1	304388at33208|TRINITY_DN7560_c0_g1_i24|-|49|1.625e-08|1|1786|2085|2085[2085]:1786[1786]:300[300]
232084	212+297	0	2818	1	490961at33208|TRINITY_DN14296_c0_g1_i1|+|52|2.031e-09|1|212|508|212[212]:508[508]:297[297]
232118	848+807	0	396	1	304388at33208|TRINITY_DN13034_c0_g1_i5|+|61|3.966e-12|1|848|1654|848[848]:1654[1654]:807[807]
232287	359+705	0	3326	1	304388at33208|TRINITY_DN3088_c0_g1_i2|+|44|5.199e-07|1|359|1063|359[359]:1063[1063]:705[705]
232500	627+528	0	1847	1	304388at33208|TRINITY_DN8758_c0_g1_i10|+|37|6.654e-05|1|627|1154|627[627]:1154[1154]:528[528]
232669	2074-711	0	502	-1	304388at33208|TRINITY_DN11566_c0_g1_i1|-|63|9.916e-13|1|1364|2074|2074[2074]:1364[1364]:711[711]
233061	3663-903	0	2111	-1	304388at33208|TRINITY_DN16394_c0_g1_i14|-|38|3.327e-05|1|2761|3663|3663[3663]:2761[2761]:903[903]
233150	1132+477	0	6488	1	359532at33208|TRINITY_DN903_c0_g1_i2|+|199|1.138e-53|1|1132|1608|1132[1132]:1608[1608]:477[477]
